-- phpMyAdmin SQL Dump
-- version 4.0.4
-- http://www.phpmyadmin.net
--
-- Host: localhost
-- Generation Time: Jul 18, 2014 at 01:21 PM
-- Server version: 5.6.12-log
-- PHP Version: 5.4.12

SET SQL_MODE = "NO_AUTO_VALUE_ON_ZERO";
SET time_zone = "+00:00";


/*!40101 SET @OLD_CHARACTER_SET_CLIENT=@@CHARACTER_SET_CLIENT */;
/*!40101 SET @OLD_CHARACTER_SET_RESULTS=@@CHARACTER_SET_RESULTS */;
/*!40101 SET @OLD_COLLATION_CONNECTION=@@COLLATION_CONNECTION */;
/*!40101 SET NAMES utf8 */;

--
-- Database: `hsc_db`
--
CREATE DATABASE IF NOT EXISTS `hsc_db` DEFAULT CHARACTER SET latin1 COLLATE latin1_swedish_ci;
USE `hsc_db`;

-- --------------------------------------------------------

--
-- Table structure for table `auth_type`
--

CREATE TABLE IF NOT EXISTS `auth_type` (
  `id` int(11) NOT NULL AUTO_INCREMENT,
  `name` varchar(100) NOT NULL,
  PRIMARY KEY (`id`)
) ENGINE=InnoDB  DEFAULT CHARSET=latin1 AUTO_INCREMENT=8 ;

--
-- Dumping data for table `auth_type`
--

INSERT INTO `auth_type` (`id`, `name`) VALUES
(1, 'Administrator'),
(2, 'Management'),
(3, 'Manager'),
(4, 'Cashier'),
(5, 'Sales'),
(6, 'Security'),
(7, 'Normal');

-- --------------------------------------------------------

--
-- Table structure for table `binding`
--

CREATE TABLE IF NOT EXISTS `binding` (
  `id` int(11) NOT NULL AUTO_INCREMENT,
  `date` date NOT NULL,
  `branch_id` int(11) NOT NULL,
  `user_id` int(11) NOT NULL,
  `amount` int(11) NOT NULL,
  PRIMARY KEY (`id`)
) ENGINE=InnoDB  DEFAULT CHARSET=latin1 AUTO_INCREMENT=12 ;

--
-- Dumping data for table `binding`
--

INSERT INTO `binding` (`id`, `date`, `branch_id`, `user_id`, `amount`) VALUES
(1, '2014-07-04', 1, 3, 15000),
(2, '2014-07-05', 1, 29, 97000),
(3, '2014-07-09', 1, 29, 43000),
(4, '2014-07-12', 1, 2, 200),
(5, '2014-07-17', 1, 2, 9000),
(6, '2014-07-17', 1, 3, 12322),
(7, '2014-07-13', 1, 2, 90000),
(8, '2014-07-06', 1, 2, 999),
(9, '2014-07-10', 1, 2, 67676767),
(10, '2014-06-01', 1, 2, 20000),
(11, '2014-06-02', 1, 2, 20000);

-- --------------------------------------------------------

--
-- Table structure for table `branch`
--

CREATE TABLE IF NOT EXISTS `branch` (
  `id` int(11) NOT NULL AUTO_INCREMENT,
  `name` varchar(100) NOT NULL,
  PRIMARY KEY (`id`)
) ENGINE=InnoDB  DEFAULT CHARSET=latin1 AUTO_INCREMENT=8 ;

--
-- Dumping data for table `branch`
--

INSERT INTO `branch` (`id`, `name`) VALUES
(1, 'Uhuru'),
(2, 'Msimbazi'),
(3, 'Upanga'),
(4, 'Rugland'),
(5, 'Mlimani'),
(6, 'Arusha'),
(7, 'Mwanza');

-- --------------------------------------------------------

--
-- Table structure for table `expenses`
--

CREATE TABLE IF NOT EXISTS `expenses` (
  `id` int(11) NOT NULL AUTO_INCREMENT,
  `date` date NOT NULL,
  `purpose` varchar(255) NOT NULL,
  `received_by` varchar(255) NOT NULL,
  `amount` int(11) NOT NULL,
  `branch_id` int(11) NOT NULL,
  `user_id` int(11) NOT NULL,
  PRIMARY KEY (`id`)
) ENGINE=InnoDB  DEFAULT CHARSET=latin1 AUTO_INCREMENT=141 ;

--
-- Dumping data for table `expenses`
--

INSERT INTO `expenses` (`id`, `date`, `purpose`, `received_by`, `amount`, `branch_id`, `user_id`) VALUES
(1, '2014-07-01', 'makuli kushusha canter na wall to wall', 'Said Naji', 40000, 1, 4),
(4, '2014-07-01', 'boda boda kwnda kupima msikiti', 'Said Naji', 10000, 1, 4),
(5, '2014-07-01', 'transport', 'Said Naji', 35000, 1, 4),
(6, '2014-07-01', 'kiroba', 'Said Naji', 4000, 1, 4),
(7, '2014-07-02', 'makuli', 'Said Naji', 10000, 1, 4),
(8, '2014-07-02', 'transport to mteja', 'Said Naji', 7000, 1, 4),
(9, '2014-07-02', 'kiroba', 'Said Naji', 10000, 1, 4),
(10, '2014-07-02', 'pikipiki', 'Said Naji', 8000, 1, 4),
(11, '2014-07-03', 'pikipiki', 'Said Naji', 5000, 1, 4),
(12, '2014-07-03', 'mifuko', 'Said Naji', 21000, 1, 4),
(15, '2014-07-03', 'gundi', 'Said Naji', 20000, 1, 4),
(16, '2014-07-03', 'transport', 'Said Naji', 25000, 1, 4),
(17, '2014-07-03', 'makuli', 'Said Naji', 35000, 1, 4),
(18, '2014-07-03', 'fundi rama kuweka dsplay AC/ fayz kalshat', 'Said Naji', 20000, 1, 4),
(19, '2014-07-01', 'mehdy kigamboni', 'Saleh Naji', 3725500, 2, 6),
(20, '2014-07-02', 'makuli', 'Saleh Naji', 17000, 2, 6),
(21, '2014-07-02', 'vitu vya usafi/mop na aro', 'Saleh Naji', 15500, 2, 6),
(22, '2014-07-03', 'mehdy kigamboni', 'Saleh Naji', 613000, 2, 6),
(23, '2014-07-03', 'FADHL LAMU', 'Saleh Naji', 3092000, 2, 6),
(24, '2014-07-03', 'TAX STAFF HOSPITAL/SABASABA', 'Saleh Naji', 20000, 2, 6),
(25, '2014-07-03', 'FAYZ KALSHATY-FUEL HIACE', 'Saleh Naji', 90000, 2, 6),
(26, '2014-07-03', 'makuli', 'Saleh Naji', 10000, 2, 6),
(27, '2014-07-01', 'FTARI', 'Salim Mohamed', 35000, 5, 3),
(28, '2014-07-02', 'FTARI', 'Salim Mohamed', 35000, 5, 3),
(29, '2014-07-03', 'FTARI', 'Salim Mohamed', 35000, 5, 3),
(30, '2014-07-01', 'makuli', 'Mohamed Rahim', 3000, 4, 5),
(31, '2014-07-04', 'parking payment', 'mohamed', 300000, 6, 10),
(32, '2014-07-04', 'luku', 'mohamed', 200000, 6, 10),
(33, '2014-07-04', 'staff bonus', 'mohamed', 180000, 6, 10),
(34, '2014-07-04', 'sadaka', 'Said Naji', 1000, 1, 3),
(35, '2014-07-04', 'viroba', 'Said Naji', 4000, 1, 3),
(36, '2014-07-04', 'transport to mteja', 'Said Naji', 10000, 1, 3),
(37, '2014-07-04', 'makuli', 'Said Naji', 15000, 1, 3),
(38, '2014-07-04', 'mifuko', 'Saleh Naji', 21000, 2, 3),
(39, '2014-07-04', 'vocha/moza', 'Saleh Naji', 10000, 2, 3),
(40, '2014-07-04', 'makuli', 'Saleh Naji', 7000, 2, 3),
(41, '2014-07-04', 'FTARI', 'Salim Mohamed', 35000, 5, 3),
(42, '2014-07-04', 'bonus', 'Nurah Saleh', 173200, 3, 3),
(46, '2014-07-05', 'fahd', 'mudi dereva', 550000, 5, 3),
(47, '2014-07-05', 'bonus', 'mlimani', 707600, 5, 3),
(48, '2014-07-05', 'ftari', 'mlimani', 35000, 5, 3),
(49, '2014-07-05', 'kiingilio 77 ', 'seif', 2500, 1, 29),
(50, '2014-07-05', 'bodaboda 77 ', 'seif', 6000, 1, 29),
(51, '2014-07-05', 'visu', 'said najj', 4000, 1, 29),
(52, '2014-07-05', 'transport  from godown wall to wall ', 'said najj', 15000, 1, 29),
(53, '2014-07-05', 'ufundi mskitini ', 'mzee ally', 400000, 1, 29),
(54, '2014-07-05', 'transport to mteja ', 'said najj', 10000, 1, 29),
(55, '2014-07-05', 'kamba', 'said najj', 22000, 1, 29),
(56, '2014-07-05', 'makuli kubeba woll to woll na kupanga duka', 'said najj', 20000, 1, 29),
(57, '2014-07-05', 'mifuko', 'said najj', 11000, 1, 29),
(58, '2014-07-05', 'bonus', 'staff', 275000, 7, 20),
(59, '2014-07-05', 'food', 'staff', 120000, 7, 20),
(61, '2014-07-06', 'bonus', 'said najj', 480000, 1, 29),
(62, '2014-07-06', 'kiingilio 77 ', 'said najj', 10000, 1, 29),
(63, '2014-07-06', 'kiingilio 77 ', 'said najj', 10000, 1, 29),
(64, '2014-07-06', 'nauli 77', 'said najj', 10000, 1, 29),
(65, '2014-07-07', 'kiingilio 77 ', 'said najj', 10000, 1, 29),
(66, '2014-07-07', 'nauli 77', 'said najj', 10000, 1, 29),
(67, '2014-07-07', 'viroba', 'said najj', 10000, 1, 29),
(68, '2014-07-07', 'transport to mteja ', 'said najj', 5000, 1, 29),
(69, '2014-07-06', 'fatri', 'mlimani', 35000, 5, 3),
(71, '2014-07-07', 'ftari', 'mlimani', 35000, 5, 3),
(72, '2014-07-07', 'fahmy malipo ya 77 6-7-2014', 'fahmy aboud', 10000, 1, 29),
(73, '2014-07-07', 'makuli', 'said najj', 10000, 1, 29),
(74, '2014-07-08', 'petty cash', 'mohamed', 300000, 6, 10),
(75, '2014-07-08', 'shop lecence', 'mohamed', 200000, 6, 10),
(76, '2014-07-08', 'luku', 'hassan', 50000, 7, 20),
(77, '2014-07-08', 'dawa ya panya,mende na sabuni', 'said najj', 20000, 1, 29),
(78, '2014-07-08', 'makuli', 'said najj', 12000, 1, 29),
(79, '2014-07-08', 'transport', 'said najj', 10000, 1, 29),
(80, '2014-07-09', 'mselem/rahim', 'saleh', 500000, 2, 5),
(81, '2014-07-09', 'mafuta/fayz kalshat', 'saleh', 50000, 2, 5),
(82, '2014-07-09', 'solotape and kamba', 'aunt fatma', 46000, 2, 5),
(83, '2014-07-09', 'makuli', 'saleh', 14000, 2, 5),
(84, '2014-07-09', 'k.k.security', 'mohamed', 180500, 6, 10),
(85, '2014-07-09', 'fahad boss', 'said naji', 10000, 1, 29),
(86, '2014-07-09', 'mifuko', 'said naji', 21000, 1, 29),
(87, '2014-07-09', 'makuli', 'said naji', 10000, 1, 29),
(88, '2014-07-10', 'battery generator', 'saleh', 21000, 2, 5),
(89, '2014-07-10', 'transport from sokota wall to wall', 'said najy', 30000, 1, 29),
(90, '2014-07-10', 'makuli kushusha wal to wall ', 'said najy', 30000, 1, 29),
(91, '2014-07-10', 'transport to mteja ', 'said najy', 7000, 1, 29),
(92, '2014-07-10', 'goods taken by mehdy kigamboni ', 'lufiya ', 849900, 1, 29),
(94, '2014-07-10', 'motor vehicle ist', 'hassan', 170000, 7, 20),
(95, '2014-07-11', 'makuli', 'saleh', 20000, 2, 5),
(96, '2014-07-11', 'staff deni (mkopo) manaal mabrook', 'saleh', 124000, 2, 5),
(97, '2014-07-11', 'makuli kuweka generator', 'saidnaji', 50000, 1, 29),
(98, '2014-07-11', 'fundi chuma cha mlango', 'saidnaji', 55000, 1, 29),
(99, '2014-07-11', 'sadaka', 'saidnaji', 1000, 1, 29),
(100, '2014-07-12', 'ftari', 'mlimani', 50000, 5, 3),
(101, '2014-07-12', 'petty cash', 'hassan', 300000, 7, 20),
(102, '2014-07-12', 'food ', 'staff', 105000, 7, 20),
(103, '2014-07-12', 'makuli', 'saleh', 10000, 2, 5),
(104, '2014-07-12', 'mzee ally/fayz', 'saleh', 225000, 2, 5),
(105, '2014-07-12', 'mark pen', 'fatma', 4000, 2, 5),
(106, '2014-07-13', 'moza vocha /msellem', 'saleh', 10000, 2, 5),
(107, '2014-07-12', 'fayz kalshat./ diesel generator', 'saleh', 80000, 2, 5),
(108, '2014-07-13', 'ftari', 'mlimani', 50000, 5, 3),
(109, '2014-07-12', 'maji ya battery, chumvi ya mawe za generator', 'said naji', 26000, 1, 29),
(110, '2014-07-12', 'transport wal to wal', 'said naji', 20000, 1, 29),
(111, '2014-07-12', 'diesel ya generator', 'said naji', 80000, 1, 29),
(112, '2014-07-12', 'makuli ya wall to wall na mali kijitonyama kushusha na kupanga', 'said naji', 45000, 1, 29),
(113, '2014-07-13', 'tumeongeza generator mafuta', 'said naji', 80000, 1, 29),
(114, '2014-07-13', 'kuli', 'said naji', 4000, 1, 29),
(115, '2014-07-13', 'manual for 12-07-2014', 'saidnaji', 2043200, 1, 29),
(116, '2014-07-14', 'fayz kalshat/car noah', 'saleh', 460000, 2, 5),
(117, '2014-07-14', 'luku', 'saleh', 100000, 2, 5),
(119, '2014-07-13', 'manual bank 12-7', 'fatma', 135000, 2, 5),
(123, '2014-07-16', 'Makuli', 'Ruwaida', 10000, 2, 2),
(124, '2014-07-16', 'Luku', 'Fahad', 100000, 2, 2),
(125, '2014-07-16', 'Bodaboda', 'Juzaimah', 3000, 2, 2),
(126, '2014-07-16', 'Luku', 'Rahim', 50000, 1, 2),
(127, '2014-07-16', 'Voucher', 'Fahad', 10000, 1, 2),
(128, '2014-07-16', 'Luku', 'David', 50000, 4, 2),
(129, '2014-07-16', 'Voucher', 'Rahim', 10000, 4, 2),
(130, '2014-07-16', 'Luku', 'Fahad', 50000, 6, 2),
(131, '2014-07-16', 'iftar', 'Juzaimah', 20000, 6, 2),
(132, '2014-07-17', 'luku', 'Rahim', 40000, 1, 2),
(133, '2014-07-18', 'Luku', 'Rahim', 50000, 2, 2),
(134, '2014-07-18', 'Voucher', 'Ruwaida', 10000, 2, 2),
(135, '2014-06-01', 'Luku', 'Rahim', 50000, 1, 2),
(136, '2014-06-01', 'Voucher', 'Ruwaida', 10000, 1, 2),
(137, '2014-06-02', 'Luku', 'Rahim', 50000, 1, 2),
(138, '2014-06-02', 'Voucher', 'Ruwaida', 10000, 1, 2),
(139, '2014-06-03', 'iftar', 'Rahim', 35000, 1, 2),
(140, '2014-06-03', 'Bonus', 'Ruwaida', 20000, 1, 2);

-- --------------------------------------------------------

--
-- Table structure for table `log`
--

CREATE TABLE IF NOT EXISTS `log` (
  `id` int(11) NOT NULL AUTO_INCREMENT,
  `date` datetime NOT NULL DEFAULT CURRENT_TIMESTAMP,
  `user_id` int(11) NOT NULL,
  `branch_id` int(11) NOT NULL,
  `log` varchar(255) NOT NULL,
  PRIMARY KEY (`id`)
) ENGINE=InnoDB  DEFAULT CHARSET=latin1 AUTO_INCREMENT=731 ;

--
-- Dumping data for table `log`
--

INSERT INTO `log` (`id`, `date`, `user_id`, `branch_id`, `log`) VALUES
(1, '2014-07-04 00:00:00', 1, 0, 'Nadhir Bahayan logged in.'),
(2, '2014-07-04 00:00:00', 1, 0, 'Added : Nargis Ahmed in the Database'),
(3, '2014-07-04 00:00:00', 1, 0, 'Added : Yusra Said in the Database'),
(4, '2014-07-04 00:00:00', 1, 0, 'Added : Thalia Hassan in the Database'),
(5, '2014-07-04 00:00:00', 1, 0, 'Added : Fatma Abdallah in the Database'),
(6, '2014-07-04 00:00:00', 1, 0, 'Added : Samya Mohammed in the Database'),
(7, '2014-07-04 00:00:00', 1, 0, 'Added : Saleh Naajy in the Database'),
(8, '2014-07-04 00:00:00', 1, 0, 'Added : Asia Abdallah in the Database'),
(9, '2014-07-04 00:00:00', 1, 0, 'Added : Rahim Hassan in the Database'),
(10, '2014-07-04 00:00:00', 9, 0, ' logged in.'),
(11, '2014-07-04 00:00:00', 1, 0, 'Rahim Hassan logged in.'),
(12, '2014-07-04 00:00:00', 9, 0, 'Rahim Hassan logged in.'),
(13, '2014-07-04 00:00:00', 9, 0, 'Rahim Hassan logged in.'),
(14, '2014-07-04 00:00:00', 2, 0, 'Nargis Ahmed logged in.'),
(15, '2014-07-04 00:00:00', 0, 6, 'Daily Sale : 3542000 for 2014-07-01 by Nargis Ahmed'),
(16, '2014-07-04 00:00:00', 0, 6, 'Manual Invoice: -295000 by Nargis Ahmed'),
(17, '2014-07-04 00:00:00', 0, 6, 'Daily Sale : 4408000 for 2014-07-02 by Nargis Ahmed'),
(18, '2014-07-04 00:00:00', 0, 6, 'Manual Invoice: -365000 by Nargis Ahmed'),
(19, '2014-07-04 00:00:00', 0, 6, 'Daily Sale : 6208500 for 2014-07-03 by Nargis Ahmed'),
(20, '2014-07-04 00:00:00', 0, 6, 'Manual Invoice: -58000 by Nargis Ahmed'),
(21, '2014-07-04 00:00:00', 9, 0, 'Rahim Hassan logged in.'),
(22, '2014-07-04 00:00:00', 4, 0, 'Thalia Hassan logged in.'),
(23, '2014-07-04 00:00:00', 4, 1, 'Daily Expense : 40000 for 2014-07-01'),
(24, '2014-07-04 00:00:00', 4, 1, 'Daily Expense : 10000 for 2014-07-04'),
(25, '2014-07-04 00:00:00', 4, 1, 'Daily Expense : 35000 for 2014-07-04'),
(26, '2014-07-04 00:00:00', 0, 1, 'Deleted Expense : 35,000 for transport by Thalia Hassan'),
(27, '2014-07-04 00:00:00', 0, 1, 'Deleted Expense : 10,000 for boda boda kwnda kupima msikiti by Thalia Hassan'),
(28, '2014-07-04 00:00:00', 4, 1, 'Daily Expense : 10000 for 2014-07-01'),
(29, '2014-07-04 00:00:00', 4, 1, 'Daily Expense : 35000 for 2014-07-01'),
(30, '2014-07-04 00:00:00', 4, 1, 'Daily Expense : 4000 for 2014-07-01'),
(31, '2014-07-04 00:00:00', 4, 1, 'Returned return ct shear rng 1pc j2162 rng 1pc on 2014-07-04'),
(32, '2014-07-04 00:00:00', 4, 1, 'Returned return ct shear rng 1pc j2162 rng 1pc on 2014-07-01'),
(33, '2014-07-04 00:00:00', 0, 1, 'Edited Daily Sale : 11426500 for 2014-07-04 by Thalia Hassan'),
(34, '2014-07-04 00:00:00', 0, 1, 'Edited Daily Sale : 11426500 for 2014-07-04 by Thalia Hassan'),
(35, '2014-07-04 00:00:00', 4, 0, 'Thalia Hassan logged in.'),
(36, '2014-07-04 00:00:00', 4, 0, 'Thalia Hassan logged in.'),
(37, '2014-07-04 00:00:00', 0, 1, 'Daily Sale : 11426500 for 2014-07-01 by Thalia Hassan'),
(38, '2014-07-04 00:00:00', 0, 1, 'Daily Sale : 9939000 for 2014-07-02 by Thalia Hassan'),
(39, '2014-07-04 00:00:00', 4, 1, 'Daily Expense : 10000 for 2014-07-02'),
(40, '2014-07-04 00:00:00', 4, 1, 'Daily Expense : 7000 for 2014-07-02'),
(41, '2014-07-04 00:00:00', 4, 1, 'Daily Expense : 10000 for 2014-07-02'),
(42, '2014-07-04 00:00:00', 4, 1, 'Daily Expense : 8000 for 2014-07-02'),
(43, '2014-07-04 00:00:00', 4, 1, 'Returned return bds golden white 4pc on 2014-07-02'),
(44, '2014-07-04 00:00:00', 0, 1, 'Daily Sale : 17013000 for 2014-07-03 by Thalia Hassan'),
(45, '2014-07-04 00:00:00', 4, 1, 'Daily Expense : 5000 for 2014-07-03'),
(46, '2014-07-04 00:00:00', 4, 1, 'Daily Expense : 21000 for 2014-07-03'),
(47, '2014-07-04 00:00:00', 4, 1, 'Daily Expense : 20000 for 2014-07-04'),
(48, '2014-07-04 00:00:00', 4, 1, 'Daily Expense : 25000 for 2014-07-04'),
(49, '2014-07-04 00:00:00', 0, 1, 'Deleted Expense : 20,000 for gundi by Thalia Hassan'),
(50, '2014-07-04 00:00:00', 0, 1, 'Deleted Expense : 25,000 for transport by Thalia Hassan'),
(51, '2014-07-04 00:00:00', 4, 1, 'Daily Expense : 20000 for 2014-07-03'),
(52, '2014-07-04 00:00:00', 4, 1, 'Daily Expense : 25000 for 2014-07-03'),
(53, '2014-07-04 00:00:00', 4, 1, 'Daily Expense : 35000 for 2014-07-03'),
(54, '2014-07-04 00:00:00', 4, 1, 'Daily Expense : 20000 for 2014-07-03'),
(55, '2014-07-04 00:00:00', 4, 1, 'Returned return fashion shaggy 200x290 3ps on 2014-07-03'),
(56, '2014-07-04 00:00:00', 8, 0, 'Asia Abdallah logged in.'),
(57, '2014-07-04 00:00:00', 0, 3, 'Daily Sale : 1758000 for 2014-07-01 by Asia Abdallah'),
(58, '2014-07-04 00:00:00', 8, 3, 'Returned return hsc 66x66 2 pc on 2014-07-04'),
(59, '2014-07-04 00:00:00', 8, 3, 'Returned return hsc 66x66 2 pc on 2014-07-01'),
(60, '2014-07-04 00:00:00', 0, 3, 'Daily Sale : 2072500 for 2014-07-02 by Asia Abdallah'),
(61, '2014-07-04 00:00:00', 0, 3, 'Daily Sale : 3418000 for 2014-07-03 by Asia Abdallah'),
(62, '2014-07-04 00:00:00', 6, 0, 'Samya Mohammed logged in.'),
(63, '2014-07-04 00:00:00', 0, 2, 'Daily Sale : 19678000 for 2014-07-01 by Samya Mohammed'),
(64, '2014-07-04 00:00:00', 6, 2, 'Daily Expense : 3725500 for 2014-07-01'),
(65, '2014-07-04 00:00:00', 6, 2, 'Returned retune lm-120x170 on 2014-07-01'),
(66, '2014-07-04 00:00:00', 0, 2, 'Daily Sale : 9388500 for 2014-07-02 by Samya Mohammed'),
(67, '2014-07-04 00:00:00', 6, 2, 'Daily Expense : 17000 for 2014-07-02'),
(68, '2014-07-04 00:00:00', 6, 2, 'Daily Expense : 15500 for 2014-07-02'),
(69, '2014-07-04 00:00:00', 6, 2, 'Returned retune TANZANITE-200X290 on 2014-07-04'),
(70, '2014-07-04 00:00:00', 6, 2, 'Returned retune TANZANITE-200X290 on 2014-07-02'),
(71, '2014-07-04 00:00:00', 0, 2, 'Daily Sale : 10567500 for 2014-07-03 by Samya Mohammed'),
(72, '2014-07-04 00:00:00', 6, 2, 'Daily Expense : 613000 for 2014-07-03'),
(73, '2014-07-04 00:00:00', 6, 2, 'Daily Expense : 3092000 for 2014-07-03'),
(74, '2014-07-04 00:00:00', 6, 2, 'Daily Expense : 20000 for 2014-07-03'),
(75, '2014-07-04 00:00:00', 6, 2, 'Daily Expense : 90000 for 2014-07-03'),
(76, '2014-07-04 00:00:00', 6, 2, 'Daily Expense : 10000 for 2014-07-03'),
(77, '2014-07-04 00:00:00', 6, 2, 'Returned retuned bds001 on 2014-07-03'),
(78, '2014-07-04 00:00:00', 3, 0, 'Yusra Said logged in.'),
(79, '2014-07-04 00:00:00', 0, 5, 'Daily Sale : 3718500 for 2014-07-01 by Yusra Said'),
(80, '2014-07-04 00:00:00', 3, 5, 'Daily Expense : 35000 for 2014-07-01'),
(81, '2014-07-04 00:00:00', 3, 5, 'Returned return(jinan-120x270))1pc on 2014-07-01'),
(82, '2014-07-04 00:00:00', 0, 5, 'Daily Sale : 7193000 for 2014-07-02 by Yusra Said'),
(83, '2014-07-04 00:00:00', 3, 5, 'Returned return(medallion-160x230)1pc on 2014-07-02'),
(84, '2014-07-04 00:00:00', 3, 5, 'Daily Expense : 35000 for 2014-07-02'),
(85, '2014-07-04 00:00:00', 0, 5, 'Daily Sale : 5149000 for 2014-07-03 by Yusra Said'),
(86, '2014-07-04 00:00:00', 3, 5, 'Daily Expense : 35000 for 2014-07-03'),
(87, '2014-07-04 00:00:00', 6, 0, 'Samya Mohammed logged in.'),
(88, '2014-07-04 00:00:00', 6, 2, 'Returned manual invoice entered on 2014-07-01'),
(89, '2014-07-04 00:00:00', 0, 2, 'Manual Invoice: -7472000 by Samya Mohammed'),
(90, '2014-07-04 00:00:00', 6, 2, 'Returned manual invoice entered (belonging to june 2014) on 2014-07-01'),
(91, '2014-07-04 00:00:00', 3, 0, 'Yusra Said logged in.'),
(92, '2014-07-04 00:00:00', 3, 5, 'Returned manual invoice entered (belonging to june 2014) on 2014-07-02'),
(93, '2014-07-04 00:00:00', 5, 0, 'Fatma Abdallah logged in.'),
(94, '2014-07-04 00:00:00', 0, 4, 'Daily Sale : 153000 for 2014-07-01 by Fatma Abdallah'),
(95, '2014-07-04 00:00:00', 0, 4, 'Daily Sale : 512500 for 2014-07-03 by Fatma Abdallah'),
(96, '2014-07-04 00:00:00', 0, 4, 'Daily Sale : 342000 for 2014-07-01 by Fatma Abdallah'),
(97, '2014-07-04 00:00:00', 5, 4, 'Daily Expense : 3000 for 2014-07-01'),
(98, '2014-07-04 00:00:00', 7, 0, 'Saleh Naajy logged in.'),
(99, '2014-07-04 00:00:00', 0, 7, 'Daily Sale : 4623500 for 2014-07-01 by Saleh Naajy'),
(100, '2014-07-04 00:00:00', 0, 7, 'Manual Invoice: -966000 by Saleh Naajy'),
(101, '2014-07-04 00:00:00', 0, 7, 'Daily Sale : 3657500 for 2014-07-01 by Saleh Naajy'),
(102, '2014-07-04 00:00:00', 0, 7, 'Daily Sale : 2961500 for 2014-07-04 by Saleh Naajy'),
(103, '2014-07-04 00:00:00', 0, 7, 'Daily Sale : 2691500 for 2014-07-01 by Saleh Naajy'),
(104, '2014-07-04 00:00:00', 0, 7, 'Manual Invoice: -966000 by Saleh Naajy'),
(105, '2014-07-04 00:00:00', 0, 7, 'Daily Sale : 3050000 for 2014-07-02 by Saleh Naajy'),
(106, '2014-07-04 00:00:00', 7, 7, 'Returned returns on 2014-07-02'),
(107, '2014-07-04 00:00:00', 0, 7, 'Daily Sale : 1687000 for 2014-07-03 by Saleh Naajy'),
(108, '2014-07-04 00:00:00', 7, 7, 'Returned returns on 2014-07-03'),
(109, '2014-07-04 00:00:00', 3, 0, 'Yusra Said logged in.'),
(110, '2014-07-04 00:00:00', 1, 0, 'Nadhir Bahayan logged in.'),
(111, '2014-07-04 00:00:00', 1, 0, 'Added : Saleh Ally in the Database'),
(112, '2014-07-04 00:00:00', 10, 0, 'Saleh Ally logged in.'),
(113, '2014-07-04 00:00:00', 0, 6, 'Edited Daily Sale : 6042000 for 2014-07-04 by Saleh Ally'),
(114, '2014-07-04 00:00:00', 0, 6, 'Edited Daily Sale : 6042000 for 2014-07-04 by Saleh Ally'),
(115, '2014-07-04 00:00:00', 10, 6, 'Daily Expense : 300000 for 2014-07-04'),
(116, '2014-07-04 00:00:00', 10, 6, 'Daily Expense : 200000 for 2014-07-04'),
(117, '2014-07-04 00:00:00', 10, 6, 'Daily Expense : 180000 for 2014-07-04'),
(118, '2014-07-04 00:00:00', 0, 6, 'Manual Invoice: -1231000 by Saleh Ally'),
(119, '2014-07-04 00:00:00', 9, 0, 'Rahim Hassan logged in.'),
(120, '2014-07-05 00:00:00', 9, 0, 'Rahim Hassan logged in.'),
(121, '2014-07-05 00:00:00', 3, 0, 'Yusra Said logged in.'),
(122, '2014-07-05 00:00:00', 10, 0, 'Saleh Ally logged in.'),
(123, '2014-07-05 00:00:00', 3, 0, 'Yusra Said logged in.'),
(124, '2014-07-05 00:00:00', 3, 0, 'Yusra Said logged in.'),
(125, '2014-07-05 00:00:00', 3, 0, 'Yusra Said logged in.'),
(126, '2014-07-05 00:00:00', 0, 6, 'Daily Sale : 4811000 for 2014-07-04 by Yusra Said'),
(127, '2014-07-05 00:00:00', 3, 0, 'Yusra Said logged in.'),
(128, '2014-07-05 00:00:00', 0, 5, 'Daily Sale : 4000000 for 2014-07-05 by Yusra Said'),
(129, '2014-07-05 00:00:00', 3, 5, 'Added : LATIFA MKWACHU in the Database'),
(130, '2014-07-05 00:00:00', 3, 5, 'Added : FEISAL SHARIF in the Database'),
(131, '2014-07-05 00:00:00', 3, 5, 'Added : MARYAM ABDALLAH in the Database'),
(132, '2014-07-05 00:00:00', 3, 5, 'Added : FATMA ABDALLAH in the Database'),
(133, '2014-07-05 00:00:00', 3, 5, 'Added : ABDUL KAREEM in the Database'),
(134, '2014-07-05 00:00:00', 3, 5, 'Added : FAREED HEMEED in the Database'),
(135, '2014-07-05 00:00:00', 3, 5, 'Added : AISHA ADAM in the Database'),
(136, '2014-07-05 00:00:00', 3, 5, 'Added : HABIBA SAID in the Database'),
(137, '2014-07-05 00:00:00', 3, 5, 'Returned j2250(rn)1pc on 2014-07-05'),
(138, '2014-07-05 00:00:00', 0, 5, 'Manual Invoice: -910000 by Yusra Said'),
(139, '2014-07-05 00:00:00', 4, 0, 'Thalia Hassan logged in.'),
(140, '2014-07-05 00:00:00', 1, 0, 'Nadhir Bahayan logged in.'),
(141, '2014-07-05 00:00:00', 1, 0, 'Added : Saleh Naajy in the Database'),
(142, '2014-07-05 00:00:00', 1, 0, 'Added : Hasssan Naajy in the Database'),
(143, '2014-07-05 00:00:00', 20, 0, 'Hasssan Naajy logged in.'),
(144, '2014-07-05 00:00:00', 0, 7, 'Edited Daily Sale : 400000 for 2014-07-05 by Hasssan Naajy'),
(145, '2014-07-05 00:00:00', 3, 0, 'Yusra Said logged in.'),
(146, '2014-07-05 00:00:00', 9, 0, 'Rahim Hassan logged in.'),
(147, '2014-07-05 00:00:00', 3, 0, 'Yusra Said logged in.'),
(148, '2014-07-05 00:00:00', 0, 1, 'Daily Sale : 9529000 for 2014-07-04 by Yusra Said'),
(149, '2014-07-05 00:00:00', 0, 1, 'Binding Amount : 15000 for 2014-07-04 by Yusra Said'),
(150, '2014-07-05 00:00:00', 3, 1, 'Daily Expense : 1000 for 2014-07-04'),
(151, '2014-07-05 00:00:00', 3, 1, 'Daily Expense : 4000 for 2014-07-04'),
(152, '2014-07-05 00:00:00', 3, 1, 'Daily Expense : 10000 for 2014-07-04'),
(153, '2014-07-05 00:00:00', 3, 1, 'Daily Expense : 15000 for 2014-07-04'),
(154, '2014-07-05 00:00:00', 3, 0, 'Yusra Said logged in.'),
(155, '2014-07-05 00:00:00', 3, 0, 'Yusra Said logged in.'),
(156, '2014-07-05 00:00:00', 3, 0, 'Yusra Said logged in.'),
(157, '2014-07-05 00:00:00', 0, 2, 'Daily Sale : 6831500 for 2014-07-04 by Yusra Said'),
(158, '2014-07-05 00:00:00', 3, 2, 'Daily Expense : 21000 for 2014-07-04'),
(159, '2014-07-05 00:00:00', 3, 2, 'Daily Expense : 10000 for 2014-07-04'),
(160, '2014-07-05 00:00:00', 3, 2, 'Daily Expense : 7000 for 2014-07-04'),
(161, '2014-07-05 00:00:00', 3, 0, 'Yusra Said logged in.'),
(162, '2014-07-05 00:00:00', 0, 5, 'Daily Sale : 5207000 for 2014-07-04 by Yusra Said'),
(163, '2014-07-05 00:00:00', 3, 5, 'Daily Expense : 35000 for 2014-07-04'),
(164, '2014-07-05 00:00:00', 3, 5, 'Returned return(ct-assorted-hook)1pc on 2014-07-04'),
(165, '2014-07-05 00:00:00', 3, 0, 'Yusra Said logged in.'),
(166, '2014-07-05 00:00:00', 0, 3, 'Daily Sale : 126000 for 2014-07-04 by Yusra Said'),
(167, '2014-07-05 00:00:00', 3, 3, 'Daily Expense : 173200 for 2014-07-04'),
(168, '2014-07-05 00:00:00', 3, 3, 'Returned return hsc 66x66 2 pc on 2014-07-04'),
(169, '2014-07-05 00:00:00', 0, 3, 'Manual Invoice: -3018500 by Yusra Said'),
(170, '2014-07-05 00:00:00', 1, 0, 'Nadhir Bahayan logged in.'),
(171, '2014-07-05 00:00:00', 1, 0, 'Added : Aysha Nassor in the Database'),
(172, '2014-07-05 00:00:00', 10, 0, 'Saleh Ally logged in.'),
(173, '2014-07-05 00:00:00', 0, 6, 'Manual Invoice: -87000 by Saleh Ally'),
(174, '2014-07-05 00:00:00', 0, 6, 'Daily Sale : 5372500 for 2014-07-05 by Saleh Ally'),
(175, '2014-07-05 00:00:00', 0, 6, 'Edited Daily Sale : 5459500 for 2014-07-05 by Saleh Ally'),
(176, '2014-07-05 00:00:00', 0, 5, 'Edited Daily Sale : 10135000 for 2014-07-05 by Yusra Said'),
(177, '2014-07-05 00:00:00', 3, 5, 'Daily Expense : 550000 for 2014-07-05'),
(178, '2014-07-05 00:00:00', 3, 5, 'Daily Expense : 707600 for 2014-07-05'),
(179, '2014-07-05 00:00:00', 3, 5, 'Daily Expense : 35000 for 2014-07-05'),
(180, '2014-07-05 00:00:00', 0, 5, 'Deleted Expense : 35,000 for ftari by Yusra Said'),
(181, '2014-07-05 00:00:00', 0, 5, 'Deleted Expense : 707,600 for bonus by Yusra Said'),
(182, '2014-07-05 00:00:00', 0, 5, 'Deleted Expense : 550,000 for fahad by Yusra Said'),
(183, '2014-07-05 00:00:00', 3, 5, 'Daily Expense : 550000 for 2014-07-05'),
(184, '2014-07-05 00:00:00', 3, 5, 'Daily Expense : 707600 for 2014-07-05'),
(185, '2014-07-05 00:00:00', 3, 5, 'Daily Expense : 35000 for 2014-07-05'),
(186, '2014-07-05 00:00:00', 0, 5, 'Manual Invoice: 910000 by Yusra Said'),
(187, '2014-07-05 00:00:00', 3, 5, 'Returned j2250(rn)1pc on 2014-07-05'),
(188, '2014-07-06 00:00:00', 29, 0, 'Aysha Nassor logged in.'),
(189, '2014-07-06 00:00:00', 0, 1, 'Daily Sale : 27500500 for 2014-07-05 by Aysha Nassor'),
(190, '2014-07-06 00:00:00', 0, 1, 'Binding Amount : 97000 for 2014-07-05 by Aysha Nassor'),
(191, '2014-07-06 00:00:00', 29, 1, 'Daily Expense : 2500 for 2014-07-05'),
(192, '2014-07-06 00:00:00', 29, 1, 'Daily Expense : 6000 for 2014-07-05'),
(193, '2014-07-06 00:00:00', 29, 1, 'Daily Expense : 4000 for 2014-07-05'),
(194, '2014-07-06 00:00:00', 29, 1, 'Daily Expense : 15000 for 2014-07-05'),
(195, '2014-07-06 00:00:00', 29, 1, 'Daily Expense : 400000 for 2014-07-05'),
(196, '2014-07-06 00:00:00', 29, 1, 'Daily Expense : 10000 for 2014-07-05'),
(197, '2014-07-06 00:00:00', 29, 1, 'Daily Expense : 22000 for 2014-07-05'),
(198, '2014-07-06 00:00:00', 29, 1, 'Daily Expense : 20000 for 2014-07-05'),
(199, '2014-07-06 00:00:00', 29, 1, 'Returned cheque  on 2014-07-05'),
(200, '2014-07-06 00:00:00', 29, 1, 'Returned africano 200x290 on 2014-07-05'),
(201, '2014-07-06 00:00:00', 29, 1, 'Returned cheque on 2014-07-05'),
(202, '2014-07-06 00:00:00', 29, 1, 'Daily Expense : 11000 for 2014-07-05'),
(203, '2014-07-06 00:00:00', 29, 0, 'Aysha Nassor logged in.'),
(204, '2014-07-06 00:00:00', 20, 0, 'Hasssan Naajy logged in.'),
(205, '2014-07-06 00:00:00', 3, 0, 'Yusra Said logged in.'),
(206, '2014-07-06 00:00:00', 0, 7, 'Daily Sale : 3582000 for 2014-07-05 by Hasssan Naajy'),
(207, '2014-07-06 00:00:00', 0, 7, 'Manual Invoice: -356000 by Hasssan Naajy'),
(208, '2014-07-06 00:00:00', 20, 7, 'Daily Expense : 275000 for 2014-07-05'),
(209, '2014-07-06 00:00:00', 20, 7, 'Daily Expense : 120000 for 2014-07-05'),
(210, '2014-07-06 00:00:00', 29, 0, 'Aysha Nassor logged in.'),
(211, '2014-07-06 00:00:00', 3, 0, 'Yusra Said logged in.'),
(212, '2014-07-06 00:00:00', 3, 2, 'Returned ttku2-160x230-1pc on 2014-07-06'),
(213, '2014-07-06 00:00:00', 3, 2, 'Daily Expense : 35000 for 2014-07-06'),
(214, '2014-07-06 00:00:00', 29, 0, 'Aysha Nassor logged in.'),
(215, '2014-07-06 00:00:00', 20, 0, 'Hasssan Naajy logged in.'),
(216, '2014-07-06 00:00:00', 0, 7, 'Edited Daily Sale : 683000 for 2014-07-06 by Hasssan Naajy'),
(217, '2014-07-06 00:00:00', 0, 7, 'Edited Daily Sale : 687000 for 2014-07-06 by Hasssan Naajy'),
(218, '2014-07-06 00:00:00', 0, 7, 'Edited Daily Sale : 687000 for 2014-07-06 by Hasssan Naajy'),
(219, '2014-07-06 00:00:00', 0, 7, 'Daily Sale : 687000 for 2014-07-06 by Hasssan Naajy'),
(220, '2014-07-06 00:00:00', 1, 0, 'Nadhir Bahayan logged in.'),
(221, '2014-07-06 00:00:00', 0, 2, 'Edited Daily Sale : 7123000 for 2014-07-06 by Yusra Said'),
(222, '2014-07-06 00:00:00', 0, 2, 'Edited Daily Sale : 7123000 for 2014-07-06 by Yusra Said'),
(223, '2014-07-06 00:00:00', 3, 0, 'Yusra Said logged in.'),
(224, '2014-07-06 00:00:00', 0, 5, 'Edited Daily Sale : 7123000 for 2014-07-06 by Yusra Said'),
(225, '2014-07-06 00:00:00', 0, 5, 'Edited Daily Sale : 7123000 for 2014-07-06 by Yusra Said'),
(226, '2014-07-06 00:00:00', 3, 5, 'Returned ttku2-160x230-1pc on 2014-07-06'),
(227, '2014-07-06 00:00:00', 0, 5, 'Edited Daily Sale : 7123000 for 2014-07-06 by Yusra Said'),
(228, '2014-07-06 00:00:00', 0, 5, 'Daily Sale : 7123000 for 2014-07-06 by Yusra Said'),
(229, '2014-07-07 00:00:00', 0, 1, 'Daily Sale : 3758000 for 2014-07-06 by Aysha Nassor'),
(230, '2014-07-07 00:00:00', 29, 1, 'Daily Expense : 480000 for 2014-07-06'),
(231, '2014-07-07 00:00:00', 29, 1, 'Daily Expense : 10000 for 2014-07-06'),
(232, '2014-07-07 00:00:00', 29, 1, 'Daily Expense : 10000 for 2014-07-06'),
(233, '2014-07-07 00:00:00', 29, 1, 'Daily Expense : 10000 for 2014-07-06'),
(234, '2014-07-07 00:00:00', 29, 0, 'Aysha Nassor logged in.'),
(235, '2014-07-07 00:00:00', 0, 1, 'Daily Sale : 7115500 for 2014-07-07 by Aysha Nassor'),
(236, '2014-07-07 00:00:00', 29, 1, 'Daily Expense : 10000 for 2014-07-07'),
(237, '2014-07-07 00:00:00', 29, 1, 'Daily Expense : 10000 for 2014-07-07'),
(238, '2014-07-07 00:00:00', 29, 1, 'Daily Expense : 10000 for 2014-07-07'),
(239, '2014-07-07 00:00:00', 29, 1, 'Daily Expense : 5000 for 2014-07-07'),
(240, '2014-07-07 00:00:00', 3, 0, 'Yusra Said logged in.'),
(241, '2014-07-07 00:00:00', 3, 5, 'Returned lima-120x170-1pc on 2014-07-07'),
(242, '2014-07-07 00:00:00', 3, 5, 'Returned w1460-3-yl-1pc on 2014-07-07'),
(243, '2014-07-07 00:00:00', 3, 5, 'Daily Expense : 35000 for 2014-07-06'),
(244, '2014-07-07 00:00:00', 3, 5, 'Daily Expense : 35000 for 2014-07-07'),
(245, '2014-07-07 00:00:00', 0, 5, 'Deleted Expense : 35,000 for ftari by Yusra Said'),
(246, '2014-07-07 00:00:00', 3, 5, 'Daily Expense : 70000 for 2014-07-07'),
(247, '2014-07-07 00:00:00', 20, 0, 'Hasssan Naajy logged in.'),
(248, '2014-07-07 00:00:00', 0, 7, 'Daily Sale : 3210000 for 2014-07-07 by Hasssan Naajy'),
(249, '2014-07-07 00:00:00', 0, 7, 'Edited Daily Sale : -5000 for 2014-07-07 by Hasssan Naajy'),
(250, '2014-07-07 00:00:00', 0, 7, 'Edited Daily Sale : 3205000 for 2014-07-07 by Hasssan Naajy'),
(251, '2014-07-07 00:00:00', 10, 0, 'Saleh Ally logged in.'),
(252, '2014-07-07 00:00:00', 0, 6, 'Daily Sale : 3875500 for 2014-07-07 by Saleh Ally'),
(253, '2014-07-07 00:00:00', 0, 6, 'Manual Invoice: -328000 by Saleh Ally'),
(254, '2014-07-07 00:00:00', 10, 6, 'Returned bds004 on 2014-07-07'),
(255, '2014-07-07 00:00:00', 3, 0, 'Yusra Said logged in.'),
(256, '2014-07-07 00:00:00', 3, 5, 'Returned medallion-240x340-3pc on 2014-07-07'),
(257, '2014-07-07 00:00:00', 0, 5, 'Edited Daily Sale : 9623000 for 2014-07-07 by Yusra Said'),
(258, '2014-07-07 00:00:00', 0, 5, 'Edited Daily Sale : 9623000 for 2014-07-07 by Yusra Said'),
(259, '2014-07-07 00:00:00', 0, 5, 'Daily Sale : 9623000 for 2014-07-07 by Yusra Said'),
(260, '2014-07-08 00:00:00', 10, 0, 'Saleh Ally logged in.'),
(261, '2014-07-08 00:00:00', 29, 0, 'Aysha Nassor logged in.'),
(262, '2014-07-08 00:00:00', 29, 1, 'Daily Expense : 10000 for 2014-07-07'),
(263, '2014-07-08 00:00:00', 29, 1, 'Daily Expense : 10000 for 2014-07-07'),
(264, '2014-07-08 00:00:00', 9, 0, 'Rahim Hassan logged in.'),
(265, '2014-07-08 00:00:00', 3, 0, 'Yusra Said logged in.'),
(266, '2014-07-08 00:00:00', 3, 0, 'Yusra Said logged in.'),
(267, '2014-07-08 00:00:00', 3, 0, 'Yusra Said logged in.'),
(268, '2014-07-08 00:00:00', 3, 0, 'Yusra Said logged in.'),
(269, '2014-07-08 00:00:00', 3, 0, 'Yusra Said logged in.'),
(270, '2014-07-08 00:00:00', 29, 0, 'Aysha Nassor logged in.'),
(271, '2014-07-08 00:00:00', 29, 0, 'Aysha Nassor logged in.'),
(272, '2014-07-08 00:00:00', 0, 1, 'Daily Sale : 3547500 for 2014-07-07 by Aysha Nassor'),
(273, '2014-07-08 00:00:00', 5, 0, 'Fatma Abdallah logged in.'),
(274, '2014-07-08 00:00:00', 0, 1, 'Daily Sale : 7115500 for 2014-07-07 by Aysha Nassor'),
(275, '2014-07-08 00:00:00', 3, 0, 'Yusra Said logged in.'),
(276, '2014-07-08 00:00:00', 0, 5, 'Daily Sale : 9623000 for 2014-07-07 by Yusra Said'),
(277, '2014-07-08 00:00:00', 10, 0, 'Saleh Ally logged in.'),
(278, '2014-07-08 00:00:00', 29, 0, 'Aysha Nassor logged in.'),
(279, '2014-07-08 00:00:00', 0, 6, 'Daily Sale : 3547500 for 2014-07-07 by Saleh Ally'),
(280, '2014-07-08 00:00:00', 0, 6, 'Daily Sale : 5347500 for 2014-07-05 by Saleh Ally'),
(281, '2014-07-08 00:00:00', 0, 6, 'Manual Invoice: -112000 by Saleh Ally'),
(282, '2014-07-08 00:00:00', 3, 0, 'Yusra Said logged in.'),
(283, '2014-07-08 00:00:00', 3, 0, 'Yusra Said logged in.'),
(284, '2014-07-08 00:00:00', 0, 2, 'Daily Sale : 9041000 for 2014-07-08 by Fatma Abdallah'),
(285, '2014-07-08 00:00:00', 3, 0, 'Yusra Said logged in.'),
(286, '2014-07-08 00:00:00', 3, 5, 'Returned hl-c-05-1.6(2pc) on 2014-07-08'),
(287, '2014-07-08 00:00:00', 10, 0, 'Saleh Ally logged in.'),
(288, '2014-07-08 00:00:00', 0, 6, 'Daily Sale : 3337000 for 2014-07-08 by Saleh Ally'),
(289, '2014-07-08 00:00:00', 10, 6, 'Daily Expense : 300000 for 2014-07-08'),
(290, '2014-07-08 00:00:00', 10, 6, 'Daily Expense : 200000 for 2014-07-08'),
(291, '2014-07-08 00:00:00', 3, 0, 'Yusra Said logged in.'),
(292, '2014-07-09 00:00:00', 0, 7, 'Daily Sale : 3205000 for 2014-07-07 by Hasssan Naajy'),
(293, '2014-07-09 00:00:00', 0, 7, 'Daily Sale : 1835500 for 2014-07-08 by Hasssan Naajy'),
(294, '2014-07-09 00:00:00', 20, 7, 'Daily Expense : 50000 for 2014-07-08'),
(295, '2014-07-09 00:00:00', 29, 0, 'Aysha Nassor logged in.'),
(296, '2014-07-09 00:00:00', 29, 0, 'Aysha Nassor logged in.'),
(297, '2014-07-09 00:00:00', 0, 1, 'Manual Invoice: -4419000 by Aysha Nassor'),
(298, '2014-07-09 00:00:00', 0, 1, 'Daily Sale : 1811500 for 2014-07-09 by Aysha Nassor'),
(299, '2014-07-09 00:00:00', 29, 1, 'Daily Expense : 20000 for 2014-07-08'),
(300, '2014-07-09 00:00:00', 29, 1, 'Daily Expense : 12000 for 2014-07-08'),
(301, '2014-07-09 00:00:00', 29, 1, 'Daily Expense : 10000 for 2014-07-08'),
(302, '2014-07-09 00:00:00', 3, 0, 'Yusra Said logged in.'),
(303, '2014-07-09 00:00:00', 0, 1, 'Daily Sale : 1811500 for 2014-07-08 by Aysha Nassor'),
(304, '2014-07-09 00:00:00', 3, 0, 'Yusra Said logged in.'),
(305, '2014-07-09 00:00:00', 3, 0, 'Yusra Said logged in.'),
(306, '2014-07-09 00:00:00', 3, 0, 'Yusra Said logged in.'),
(307, '2014-07-09 00:00:00', 3, 0, 'Yusra Said logged in.'),
(308, '2014-07-09 00:00:00', 5, 0, 'Fatma Abdallah logged in.'),
(309, '2014-07-09 00:00:00', 5, 2, 'Daily Expense : 500000 for 2014-07-09'),
(310, '2014-07-09 00:00:00', 5, 2, 'Daily Expense : 50000 for 2014-07-09'),
(311, '2014-07-09 00:00:00', 5, 2, 'Daily Expense : 46000 for 2014-07-09'),
(312, '2014-07-09 00:00:00', 5, 2, 'Daily Expense : 14000 for 2014-07-09'),
(313, '2014-07-09 00:00:00', 0, 2, 'Daily Sale : 6309000 for 2014-07-09 by Fatma Abdallah'),
(314, '2014-07-09 00:00:00', 0, 7, 'Daily Sale : 1248500 for 2014-07-09 by Hasssan Naajy'),
(315, '2014-07-09 00:00:00', 0, 7, 'Manual Invoice: -111500 by Hasssan Naajy'),
(316, '2014-07-09 00:00:00', 10, 0, 'Saleh Ally logged in.'),
(317, '2014-07-09 00:00:00', 0, 6, 'Daily Sale : 3134000 for 2014-07-09 by Saleh Ally'),
(318, '2014-07-09 00:00:00', 10, 6, 'Daily Expense : 180500 for 2014-07-09'),
(319, '2014-07-09 00:00:00', 3, 0, 'Yusra Said logged in.'),
(320, '2014-07-10 00:00:00', 3, 0, 'Yusra Said logged in.'),
(321, '2014-07-10 00:00:00', 9, 0, 'Rahim Hassan logged in.'),
(322, '2014-07-10 00:00:00', 29, 0, 'Aysha Nassor logged in.'),
(323, '2014-07-10 00:00:00', 29, 1, 'Daily Expense : 10000 for 2014-07-09'),
(324, '2014-07-10 00:00:00', 29, 1, 'Daily Expense : 21000 for 2014-07-09'),
(325, '2014-07-10 00:00:00', 29, 1, 'Daily Expense : 10000 for 2014-07-09'),
(326, '2014-07-10 00:00:00', 0, 1, 'Binding Amount : 43000 for 2014-07-09 by Aysha Nassor'),
(327, '2014-07-10 00:00:00', 5, 0, 'Fatma Abdallah logged in.'),
(328, '2014-07-10 00:00:00', 0, 1, 'Manual Invoice: -9649500 by Aysha Nassor'),
(329, '2014-07-10 00:00:00', 3, 0, 'Yusra Said logged in.'),
(330, '2014-07-10 00:00:00', 3, 0, 'Yusra Said logged in.'),
(331, '2014-07-10 00:00:00', 20, 0, 'Hasssan Naajy logged in.'),
(332, '2014-07-10 00:00:00', 20, 0, 'Hasssan Naajy logged in.'),
(333, '2014-07-10 00:00:00', 29, 1, 'Entered Manual Invoice: 4419000 by Aysha Nassor'),
(334, '2014-07-10 00:00:00', 1, 0, 'Nadhir Bahayan logged in.'),
(335, '2014-07-10 00:00:00', 1, 0, 'Added : Hannan Awadh in the Database'),
(336, '2014-07-10 00:00:00', 30, 0, 'Hannan Awadh logged in.'),
(337, '2014-07-10 00:00:00', 9, 0, 'Rahim Hassan logged in.'),
(338, '2014-07-11 00:00:00', 2, 0, 'Nargis Ahmed logged in.'),
(339, '2014-07-11 00:00:00', 0, 4, 'Failed to edit Daily Sale : 2323 for 2014-07-11 by Nargis Ahmed,it was not available'),
(340, '2014-07-11 00:00:00', 0, 4, 'Daily Sale : 1233 for 2014-07-11 by Nargis Ahmed'),
(341, '2014-07-10 00:00:00', 0, 4, 'Makusudi'),
(342, '2014-07-11 00:00:00', 0, 4, 'Edited Daily Sale : 500 for 2014-07-11 by Nargis Ahmed'),
(343, '2014-07-11 00:00:00', 0, 4, 'Edited Daily Sale : 900 for 2014-07-11 by Nargis Ahmed'),
(344, '2014-07-11 00:00:00', 0, 4, 'Edited Daily Sale : 123 for 2014-07-11 by Nargis Ahmed'),
(345, '2014-07-11 00:00:00', 0, 4, 'Edited Daily Sale : 22222 for 2014-07-11 by Nargis Ahmed'),
(346, '2014-07-11 00:00:00', 0, 4, 'Edited Daily Sale : 112 for 2014-07-11 by Nargis Ahmed'),
(347, '2014-07-11 00:00:00', 0, 4, 'Edited Daily Sale : 456475645 for 2014-07-11 by Nargis Ahmed'),
(348, '2014-07-11 00:00:00', 0, 4, 'Edited Daily Sale : 1221 for 2014-07-11 by Nargis Ahmed'),
(349, '2014-07-11 00:00:00', 0, 4, 'Edited Daily Sale : 5555 for 2014-07-11 by Nargis Ahmed'),
(350, '2014-07-11 00:00:00', 0, 4, 'Edited Daily Sale : 34434334 for 2014-07-11 by Nargis Ahmed'),
(351, '2014-07-11 00:00:00', 0, 4, 'Edited Daily Sale : 2323 for 2014-07-11 by Nargis Ahmed'),
(352, '2014-07-11 16:26:08', 2, 3, 'itakubali'),
(353, '2014-07-11 00:00:00', 0, 4, 'Edited Daily Sale : 54554 for 2014-07-11 by Nargis Ahmed'),
(354, '2014-07-11 00:00:00', 0, 4, 'Edited Daily Sale : 555 for 2014-07-11 by Nargis Ahmed'),
(355, '2014-07-11 16:33:37', 2, 4, 'Edited'),
(356, '2014-07-11 16:34:50', 2, 4, 'Edited'),
(357, '2014-07-11 16:45:08', 2, 4, 'Edited Daily Sale : 1222 for 2014-07-11 by Nargis Ahmed'),
(358, '2014-07-12 11:08:42', 0, 5, 'Failed to edit Daily Sale : 1212 for  by Fahad K,it was not available'),
(359, '2014-07-12 11:09:00', 0, 5, 'Failed to edit Daily Sale : 1212 for  by Fahad K,it was not available'),
(360, '2014-07-12 11:10:05', 0, 5, 'Failed to edit Daily Sale : 11 for  by Fahad K,it was not available'),
(361, '2014-07-12 11:10:46', 0, 5, 'Failed to edit Daily Sale : 11 for  by Fahad K,it was not available'),
(362, '2014-07-12 11:10:53', 0, 5, 'Failed to edit Daily Sale : 11 for  by Fahad K,it was not available'),
(363, '2014-07-12 11:10:59', 0, 5, 'Failed to edit Daily Sale : 11 for  by Fahad K,it was not available'),
(364, '2014-07-12 11:11:03', 0, 5, 'Failed to edit Daily Sale : 11 for  by Fahad K,it was not available'),
(365, '2014-07-12 11:11:15', 0, 5, 'Failed to edit Daily Sale : 222 for  by Fahad K,it was not available'),
(366, '2014-07-12 11:13:03', 0, 5, 'Failed to edit Daily Sale : 222 for  by Fahad K,it was not available'),
(367, '2014-07-12 11:13:11', 0, 5, 'Failed to edit Daily Sale : 123 for  by Fahad K,it was not available'),
(368, '2014-07-12 11:13:38', 2, 4, 'Failed to edit Daily Sale : 8900 for 2014-07-12 by Nargis Ahmed,it was not available'),
(369, '2014-07-12 11:17:59', 2, 4, 'Edited Daily Sale : 343443 for 2014-07-11 by Nargis Ahmed'),
(370, '2014-07-12 11:18:47', 0, 5, 'Failed to edit Daily Sale : 1222 for  by Fahad K,it was not available'),
(371, '2014-07-12 11:21:43', 0, 5, 'Failed to edit Daily Sale : 1222 for 2014-07-12 by Fahad K,it was not available'),
(372, '2014-07-12 11:25:09', 0, 5, 'Failed to edit Daily Sale : 467 for 2014-07-12 by Fahad K,it was not available'),
(373, '2014-07-12 00:00:00', 0, 4, 'Daily Sale : 200 for 2014-07-12 by Nargis Ahmed'),
(374, '2014-07-12 11:28:31', 0, 4, 'Failed to edit Daily Sale : 100 for 2014-07-12 by Fahad K,it was not available'),
(375, '2014-07-12 11:47:17', 0, 4, 'Failed to edit Daily Sale : 250 for 2014-07-12 by Fahad K,it was not available'),
(376, '2014-07-12 11:53:47', 0, 4, 'Failed to edit Daily Sale : 333 for 2014-07-12 by Fahad K,it was not available'),
(377, '2014-07-12 12:07:50', 0, 4, 'Failed to edit Daily Sale : 250 for 2014-07-12 by Fahad K,it was not available'),
(378, '2014-07-12 12:17:31', 0, 5, 'Failed to edit Daily Sale : 222 for 2014-07-12 by Fahad K,it was not available'),
(379, '2014-07-12 12:28:57', 0, 1, 'Failed to edit Daily Sale : 123 for 2014-07-12 by Fahad K,it was not available'),
(380, '2014-07-12 12:29:10', 0, 4, 'Failed to edit Daily Sale : 345 for 2014-07-12 by Fahad K,it was not available'),
(381, '2014-07-12 12:38:59', 0, 4, 'Failed to edit Daily Sale : 123 for 2014-07-12 by Fahad K,it was not available'),
(382, '2014-07-12 12:39:04', 0, 4, 'Failed to edit Daily Sale : 11 for 2014-07-12 by Fahad K,it was not available'),
(383, '2014-07-12 12:42:59', 0, 4, 'Failed to edit Daily Sale : 123 for 2014-07-12 by Fahad K,it was not available'),
(384, '2014-07-12 12:43:04', 0, 4, 'Failed to edit Daily Sale : 234 for 2014-07-12 by Fahad K,it was not available'),
(385, '2014-07-12 12:44:04', 0, 4, 'Failed to edit Daily Sale : 234 for 2014-07-12 by Fahad K,it was not available'),
(386, '2014-07-12 12:45:55', 0, 4, 'Failed to edit Daily Sale : 2 for 2014-07-12 by Fahad K,it was not available'),
(387, '2014-07-12 12:50:56', 0, 4, 'Edited Daily Sale : 233 for 2014-07-12 by Fahad K'),
(388, '2014-07-12 12:51:03', 0, 4, 'Edited Daily Sale : 1200 for 2014-07-12 by Fahad K'),
(389, '2014-07-12 12:51:52', 0, 4, 'Edited Daily Sale : 3456 for 2014-07-12 by Fahad K'),
(390, '2014-07-12 12:52:04', 0, 2, 'Failed to edit Daily Sale : 789 for 2014-07-12 by Fahad K,it was not available'),
(391, '2014-07-12 12:56:23', 2, 0, 'Nargis Ahmed logged in.'),
(392, '2014-07-12 00:00:00', 0, 1, 'Failed to Edit Bindings : 123 for 2014-07-12 by Nargis Ahmed,it was not available'),
(393, '2014-07-12 13:37:34', 0, 1, 'Failed to edit Daily Sale : 122 for 2014-07-12 by Fahad K,it was not available'),
(394, '2014-07-12 00:00:00', 0, 1, 'Failed to Edit Bindings : 123 for 2014-07-12 by Nargis Ahmed,it was not available'),
(395, '2014-07-12 00:00:00', 0, 1, 'Binding Amount : 23 for 2014-07-12 by Nargis Ahmed'),
(396, '2014-07-12 13:41:26', 0, 1, 'Edited Daily Sale : 12 for 2014-07-12 by Fahad K'),
(397, '2014-07-12 13:45:54', 0, 1, 'Edited Daily Sale : 12345 for 2014-07-12 by Fahad K'),
(398, '2014-07-12 13:46:04', 0, 1, 'Edited Daily Sale : 7000 for 2014-07-12 by Fahad K'),
(399, '2014-07-12 13:46:09', 0, 1, 'Failed to edit Daily Sale : 500 for 2014-07-12 by Fahad K,it was not available'),
(400, '2014-07-12 00:00:00', 0, 1, 'Daily Sale : 300 for 2014-07-12 by Nargis Ahmed'),
(401, '2014-07-12 13:46:26', 0, 1, 'Edited Daily Sale : 4005 for 2014-07-12 by Fahad K'),
(402, '2014-07-12 13:46:35', 0, 1, 'Edited Daily Sale : 40050 for 2014-07-12 by Fahad K'),
(403, '2014-07-12 13:48:29', 0, 1, 'Edited Daily Sale : 8900 for 2014-07-12 by Fahad K'),
(404, '2014-07-12 13:57:27', 0, 2, 'Failed to edit Daily Sale : 500 for 2014-07-12 by Fahad K,it was not available'),
(405, '2014-07-12 14:00:10', 0, 1, 'Edited Daily Sale : 2 for 2014-07-12 by Fahad K'),
(406, '2014-07-12 14:00:14', 0, 1, 'Edited Daily Sale : 567 for 2014-07-12 by Fahad K'),
(407, '2014-07-12 14:03:36', 0, 1, 'Edited Daily Sale : 200 for 2014-07-12 by Fahad K'),
(408, '2014-07-12 14:05:31', 0, 2, 'Failed to edit Daily Sale : 400 for 2014-07-12 by Fahad K,it was not available'),
(409, '2014-07-12 14:08:34', 0, 7, 'Failed to edit Daily Sale : 500 for 2014-07-12 by Fahad K,it was not available'),
(410, '2014-07-12 00:00:00', 0, 7, 'Daily Sale : 678 for 2014-07-12 by Nargis Ahmed'),
(411, '2014-07-12 14:10:15', 0, 7, 'Edited Daily Sale : 789 for 2014-07-12 by Fahad K'),
(412, '2014-07-13 00:00:00', 0, 7, 'Daily Sale : 500 for 2014-07-13 by Nargis Ahmed'),
(413, '2014-07-13 17:26:02', 0, 1, 'Daily Sale : 600 for 2014-07-13 by Fahad K'),
(414, '2014-07-13 17:26:50', 0, 1, 'Daily Sale : 607 for 2014-07-13 by Fahad K'),
(415, '2014-07-13 17:38:00', 0, 1, 'Daily Sale : 800 for 2014-07-13 by Fahad K'),
(416, '2014-07-13 17:38:06', 0, 1, 'Daily Sale : 5677 for 2014-07-13 by Fahad K'),
(417, '2014-07-13 17:48:21', 0, 1, 'Failed to add Daily Sale : 800 for 2014-07-13 by Fahad K,it is already here , try editing ...'),
(418, '2014-07-13 17:54:29', 0, 3, 'Daily Sale : 677 for 2014-07-13 by Fahad K'),
(419, '2014-07-13 17:54:41', 0, 3, 'Edited Daily Sale : 678 for 2014-07-13 by Fahad K'),
(420, '2014-07-13 17:55:10', 0, 3, 'Edited Daily Sale : 788 for 2014-07-13 by Fahad K'),
(421, '2014-07-13 17:55:16', 0, 3, 'Edited Daily Sale : 800 for 2014-07-13 by Fahad K'),
(422, '2014-07-13 17:55:19', 0, 3, 'Edited Daily Sale : 900 for 2014-07-13 by Fahad K'),
(423, '2014-07-13 17:55:31', 0, 3, 'Failed to add Daily Sale : 901 for 2014-07-13 by Fahad K,it is already here.'),
(424, '2014-07-14 09:39:09', 0, 1, 'Daily Sale : 600 for 2014-07-14 by Fahad K'),
(425, '2014-07-14 09:39:14', 0, 1, 'Failed to add Daily Sale : 605 for 2014-07-14 by Fahad K,it is already here.'),
(426, '2014-07-14 09:39:25', 0, 1, 'Edited Daily Sale : 500 for 2014-07-14 by Fahad K'),
(427, '2014-07-14 09:53:54', 0, 1, 'Failed to add Daily Sale : 566 for 2014-07-14 by Fahad K,it is already here.'),
(428, '2014-07-14 10:10:31', 0, 1, 'Failed to add Daily Sale : 600 for 2014-07-14 by Fahad K,it is already here.'),
(429, '2014-07-14 10:12:43', 0, 1, 'Failed to add Daily Sale : 900 Tsh for 2014-07-14 by Fahad K,since we can only add 1 total sale per day.'),
(430, '2014-07-14 10:12:52', 0, 1, 'Edited Daily Sale : 600 for 2014-07-14 by Fahad K'),
(431, '2014-07-14 10:15:06', 2, 7, 'Daily Expense : 50000 for 2014-07-14'),
(432, '2014-07-14 10:19:39', 0, 7, 'Daily Sale : 809777 for 2014-07-14 by Fahad K'),
(433, '2014-07-14 10:20:52', 0, 7, 'Failed to add Daily Sale : 9000 Tsh for 2014-07-14 by Fahad K,since we can only add 1 total sale per day.'),
(434, '2014-07-14 10:21:06', 0, 7, 'Edited Daily Sale : 9055444 for 2014-07-14 by Fahad K'),
(435, '2014-07-14 10:21:24', 0, 7, 'Edited Daily Sale : 7878999 for 2014-07-14 by Fahad K'),
(436, '2014-07-14 10:28:52', 2, 7, 'Daily Expense : 800 for 2014-07-14'),
(437, '2014-07-14 11:21:29', 0, 3, 'Daily Sale : 500 for 2014-07-14 by Fahad K'),
(438, '2014-07-14 11:21:40', 0, 3, 'Failed to add Daily Sale : 700 Tsh for 2014-07-14 by Fahad K,since we can only add 1 total sale per day.'),
(439, '2014-07-14 11:21:55', 0, 3, 'Failed to add Daily Sale : 700 Tsh for 2014-07-14 by Fahad K,since we can only add 1 total sale per day.'),
(440, '2014-07-14 11:22:07', 0, 3, 'Edited Daily Sale : 700 for 2014-07-14 by Fahad K'),
(441, '2014-07-14 11:26:23', 0, 7, 'Manual Invoice: -4444 by Nargis Ahmed'),
(442, '2014-07-14 11:27:10', 2, 7, 'Entered Manual Invoice: 900000 by Nargis Ahmed'),
(443, '2014-07-14 11:28:43', 2, 7, 'Entered Manual Invoice: -10 by Nargis Ahmed'),
(444, '2014-07-14 12:33:37', 0, 4, 'Daily Expense : 56789 Tsh , was used for <b>iftar</b> on 2014-07-14'),
(445, '2014-07-14 12:33:41', 0, 4, 'Daily Expense : 56789 Tsh , was used for <b>iftar</b> on 2014-07-14'),
(446, '2014-07-14 12:33:57', 0, 4, 'Daily Expense : 56789 Tsh , was used for <b>iftar</b> on 2014-07-14'),
(447, '2014-07-14 12:57:46', 0, 4, 'Daily Expense : 454545 Tsh , was used for <b>asasasa</b> on 2014-07-14'),
(448, '2014-07-14 13:04:46', 0, 4, 'Deleted Expense : $amount for<b></b> by $full_name'),
(449, '2014-07-14 13:04:50', 0, 4, 'Deleted Expense : $amount for<b></b> by $full_name'),
(450, '2014-07-14 13:04:52', 0, 4, 'Deleted Expense : $amount for<b></b> by $full_name'),
(451, '2014-07-14 13:04:54', 0, 4, 'Deleted Expense : $amount for<b></b> by $full_name'),
(452, '2014-07-14 13:05:01', 0, 4, 'Deleted Expense : $amount for<b></b> by $full_name'),
(453, '2014-07-14 13:07:47', 0, 4, 'Daily Expense : 500 Tsh , was used for <b>asdsdfsdf</b> on 2014-07-14'),
(454, '2014-07-14 13:07:52', 0, 4, 'Deleted Expense :  for<b></b> by Fahad K'),
(455, '2014-07-14 13:48:00', 0, 4, 'Daily Expense : 123312 Tsh , was used for <b>sdsdfsdc</b> on 2014-07-14'),
(456, '2014-07-14 13:48:05', 0, 4, 'Deleted Expense :  for<b></b> by Fahad K'),
(457, '2014-07-14 13:48:24', 0, 4, 'Daily Expense : 321212 Tsh , was used for <b>sasasas</b> on 2014-07-14'),
(458, '2014-07-14 13:52:39', 0, 4, 'Deleted Expense :  for<b></b> by Fahad K'),
(459, '2014-07-14 13:52:52', 0, 4, 'Daily Expense : 221221 Tsh , was used for <b>sasasasa</b> on 2014-07-14'),
(460, '2014-07-14 13:52:58', 0, 4, 'Deleted Expense :  for<b></b> by Fahad K'),
(461, '2014-07-14 13:53:29', 0, 4, 'Deleted Expense :  for<b></b> by Fahad K'),
(462, '2014-07-14 13:53:59', 0, 4, 'Daily Expense : 12123123 Tsh , was used for <b>saxasxasx</b> on 2014-07-14'),
(463, '2014-07-14 13:59:46', 0, 4, 'Deleted Expense :  for<b></b> by Fahad K'),
(464, '2014-07-14 14:01:53', 0, 4, 'Deleted Expense :  for<b></b> by Fahad K'),
(465, '2014-07-14 14:02:05', 0, 4, 'Deleted Expense :  for<b></b> by Fahad K'),
(466, '2014-07-14 14:02:15', 0, 4, 'Deleted Expense :  for<b></b> by Fahad K'),
(467, '2014-07-14 14:11:29', 0, 4, 'Daily Expense : 2323 Tsh , was used for <b>dsdsdssdsdds</b> on 2014-07-14'),
(468, '2014-07-14 14:11:57', 0, 4, 'Deleted Expense :  for<b></b> by Fahad K'),
(469, '2014-07-14 14:14:22', 0, 4, 'Deleted Expense :  for<b></b> by Fahad K'),
(470, '2014-07-14 14:17:42', 0, 4, 'Daily Expense : 121212 Tsh , was used for <b>asasas</b> on 2014-07-14'),
(471, '2014-07-14 14:17:48', 0, 4, 'Deleted Expense :  for<b>asasas</b> by Fahad K'),
(472, '2014-07-14 14:20:13', 0, 4, 'Daily Expense : 2323423 Tsh , was used for <b>asdasdsad</b> on 2014-07-14'),
(473, '2014-07-14 14:21:03', 0, 4, 'Daily Expense : 1212121 Tsh , used for <b>sasas</b> on 2014-07-14'),
(474, '2014-07-14 14:21:20', 0, 4, 'Deleted Expense : <b>2,323,423</b> for <b>asdasdsad</b> by Fahad K'),
(475, '2014-07-14 14:23:13', 0, 4, 'Deleted Expense : <b>1,212,121</b>Tsh for <b>sasas</b> by Fahad K'),
(476, '2014-07-14 14:24:33', 0, 4, 'Daily Expense : 5555 Tsh , used for <b>5555</b> on 2014-07-14'),
(477, '2014-07-14 14:24:38', 0, 4, 'Deleted Expense : <b>5,555</b>Tsh for <b>5555</b> by Fahad K'),
(478, '2014-07-14 15:58:42', 0, 2, 'Deleted Expense : <b>135,000</b> Tsh for <b>manual bank 12-7</b> by Fahad K'),
(479, '2014-07-14 16:07:02', 2, 7, 'Entered Manual Invoice: 66000 by Nargis Ahmed'),
(480, '2014-07-14 16:07:12', 2, 7, 'Entered Manual Invoice: 10 by Nargis Ahmed'),
(481, '2014-07-14 16:37:16', 0, 1, 'Manual Invoice: -11111 by Fahad K'),
(482, '2014-07-14 16:38:01', 0, 1, 'Manual Invoice: -1234 by Fahad K'),
(483, '2014-07-14 16:38:22', 0, 7, 'Manual Invoice: -6789 by Nargis Ahmed'),
(484, '2014-07-14 16:39:18', 0, 1, 'Manual Invoice: -800 by Fahad K'),
(485, '2014-07-14 16:40:12', 0, 1, 'Manual Invoice: -900 by Fahad K'),
(486, '2014-07-14 16:40:45', 0, 1, 'Manual Invoice: -900 by Fahad K'),
(487, '2014-07-14 16:40:53', 0, 1, 'Manual Invoice: 1 by Fahad K'),
(488, '2014-07-15 09:34:48', 0, 1, 'Manual Invoice: -600 by Fahad K'),
(489, '2014-07-15 09:34:54', 0, 1, 'Deleted Invoice : <b>-600</b> Tsh for <b></b> by Fahad K'),
(490, '2014-07-15 10:18:15', 0, 1, 'Manual Invoice: -567 by Fahad K'),
(491, '2014-07-15 10:18:32', 0, 1, 'Deleted Invoice : <b>-567</b> Tsh for <b></b> by Fahad K'),
(492, '2014-07-15 00:00:00', 0, 7, 'Daily Sale : 90 for 2014-07-15 by Nargis Ahmed'),
(493, '2014-07-15 10:23:45', 2, 7, 'Edited Daily Sale : 10 for 2014-07-15 by Nargis Ahmed'),
(494, '2014-07-15 10:52:22', 2, 7, 'Edited Daily Sale : 600 for 2014-07-15 by Nargis Ahmed'),
(495, '2014-07-15 11:04:54', 0, 1, 'Entered Manual Invoice: 80 by Fahad K'),
(496, '2014-07-15 11:05:41', 0, 1, 'Entered Manual Invoice: 200 by Fahad K'),
(497, '2014-07-15 11:22:05', 0, 1, 'Manual Invoice: -500 by Fahad K'),
(498, '2014-07-15 11:22:27', 0, 1, 'Entered Manual Invoice: 500 by Fahad K'),
(499, '2014-07-15 11:23:50', 0, 1, 'Manual Invoice: -233 by Fahad K'),
(500, '2014-07-15 11:24:08', 0, 1, 'Entered Manual Invoice: 200 by Fahad K'),
(501, '2014-07-15 11:29:13', 2, 7, 'Returned 444 on 2014-07-15'),
(502, '2014-07-15 12:08:18', 0, 1, 'Returned 123123123 on 2014-07-15'),
(503, '2014-07-15 12:08:53', 0, 1, 'Returned 44444 on 2014-07-15'),
(504, '2014-07-15 12:09:33', 0, 1, 'Returned 23434234234 on 2014-07-15'),
(505, '2014-07-15 12:10:59', 0, 1, 'Returned 2434234 on 2014-07-15'),
(506, '2014-07-15 12:45:32', 0, 1, 'Deleted Return : Tsh <b>0</b> for <b>2434234</b> by Fahad K'),
(507, '2014-07-15 12:45:39', 0, 1, 'Deleted Return : Tsh <b>0</b> for <b>23434234234</b> by Fahad K'),
(508, '2014-07-15 12:45:50', 0, 1, 'Deleted Return : Tsh <b>444</b> for <b>44444</b> by Fahad K'),
(509, '2014-07-15 12:46:40', 0, 1, 'Returned taula narudisha on 2014-07-15'),
(510, '2014-07-15 13:40:58', 0, 5, 'Manual Invoice: Tsh -450 by Fahad K'),
(511, '2014-07-15 13:41:23', 0, 5, 'Entered Manual Invoice: Tsh 450 by Fahad K'),
(512, '2014-07-15 14:05:58', 0, 5, ' sold 2222 on 2014-07-15'),
(513, '2014-07-15 14:06:16', 0, 5, ' sold 60000 on 2014-07-15'),
(514, '2014-07-15 14:06:25', 0, 5, ' sold 200 on 2014-07-15'),
(515, '2014-07-15 14:07:24', 2, 2, 'Nargis Ahmed sold 2222 on 2014-07-15'),
(516, '2014-07-15 14:16:00', 0, 5, ' sold 900 on 2014-07-15'),
(517, '2014-07-15 14:43:27', 0, 5, ' sold 345000 on 2014-07-15'),
(518, '2014-07-15 14:45:13', 0, 5, 'Abdul Kareem sold 800 on 2014-07-15'),
(519, '2014-07-15 14:49:30', 0, 5, 'Feisal Sharif sold 500 on 2014-07-15'),
(520, '2014-07-15 14:53:02', 0, 5, 'Abdul Kareem sold Tsh 345 on 2014-07-15'),
(521, '2014-07-15 14:54:37', 0, 5, '<b>Feisal Sharif</b> sold Tsh 2333 on 2014-07-15'),
(522, '2014-07-15 14:57:38', 0, 5, '<b>Fatma Abdallah</b> sold Tsh 2000 on 2014-07-15'),
(523, '2014-07-15 15:50:50', 0, 5, '<b>Habiba Said</b> sold Tsh 70000 on 2014-07-15'),
(524, '2014-07-15 16:44:54', 0, 5, 'Added : sdasda asdas in the Database'),
(525, '2014-07-15 16:45:15', 0, 5, 'Added : fahad  kassim in the Database'),
(526, '2014-07-15 16:50:54', 0, 5, 'Added : <b>Eddy</b> <b>Kakaa</b> in the Database'),
(527, '2014-07-15 16:52:11', 0, 5, 'Added : <b>Asasas</b> <b>Asasas</b> in the System'),
(528, '2014-07-15 16:58:32', 2, 2, 'Added : Nadhir sdjsnk in the Database'),
(529, '2014-07-15 16:58:51', 0, 5, 'Added : <b>Sdasdsad</b> <b>Asdsadas</b> in the System'),
(530, '2014-07-15 17:03:55', 0, 5, 'Added : <b>Jhjvjvjvgvhg</b> <b>Kokokoko</b> in the System'),
(531, '2014-07-15 17:05:05', 2, 5, 'Added : <b>Salim</b> <b>Kjnkjk</b> in the System'),
(532, '2014-07-15 17:07:54', 2, 0, 'Nargis Ahmed logged in.'),
(533, '2014-07-16 09:07:11', 2, 1, 'Manual Invoice: Tsh -23232 by Fahad K'),
(534, '2014-07-16 09:10:24', 2, 1, 'Manual Invoice: Tsh -22222 by Fahad K'),
(535, '2014-07-16 09:10:43', 2, 1, 'Entered Manual Invoice: Tsh 22222 by Fahad K'),
(536, '2014-07-16 09:20:21', 2, 1, 'Manual Invoice: Tsh -500 by Fahad K'),
(537, '2014-07-16 09:20:36', 2, 1, 'Entered Manual Invoice: Tsh 400 by Fahad K'),
(538, '2014-07-16 09:20:42', 2, 1, 'Entered Manual Invoice: Tsh 100 by Fahad K'),
(539, '2014-07-16 10:54:36', 2, 0, 'Nargis Ahmed logged in.'),
(540, '2014-07-16 12:01:56', 2, 1, 'Manual Invoice: Tsh -500 by Fahad K'),
(541, '2014-07-16 12:08:36', 2, 1, 'Entered Manual Invoice: Tsh 200 by Fahad K'),
(542, '2014-07-16 12:22:16', 2, 1, 'Daily Sale : 2000000 for 2014-07-16 by Fahad K'),
(543, '2014-07-16 12:22:35', 2, 1, 'Daily Expense : Tsh 10000, used for <b>Makuli</b> on 2014-07-16'),
(544, '2014-07-16 12:22:45', 2, 1, 'Daily Expense : Tsh 3000, used for <b>Bodada</b> on 2014-07-16'),
(545, '2014-07-16 12:22:59', 2, 1, 'Daily Expense : Tsh 50000, used for <b>Luku</b> on 2014-07-16'),
(546, '2014-07-16 12:23:18', 2, 1, 'Manual Invoice: Tsh -1000000 by Fahad K'),
(547, '2014-07-16 12:24:46', 2, 1, 'Entered Manual Invoice: Tsh 500000 by Fahad K'),
(548, '2014-07-16 12:24:56', 2, 1, 'Entered Manual Invoice: Tsh 100000 by Fahad K'),
(549, '2014-07-16 12:28:15', 2, 1, 'Returned Returned 1 Bedsheet and Took 1 Carpet on 2014-07-16'),
(550, '2014-07-16 12:32:42', 2, 1, 'Entered Manual Invoice: Tsh 150000 by Fahad K'),
(551, '2014-07-16 12:34:10', 2, 1, 'Entered Manual Invoice: Tsh 600 by Fahad K'),
(552, '2014-07-16 12:35:01', 2, 2, 'Daily Sale : 4000000 for 2014-07-16 by Fahad K'),
(553, '2014-07-16 12:35:59', 2, 2, 'Daily Expense : Tsh 10000, used for <b>Makuli</b> on 2014-07-16'),
(554, '2014-07-16 12:36:17', 2, 2, 'Daily Expense : Tsh 100000, used for <b>Luku</b> on 2014-07-16'),
(555, '2014-07-16 12:36:47', 2, 2, 'Daily Expense : Tsh 3000, used for <b>Bodaboda</b> on 2014-07-16'),
(556, '2014-07-16 12:36:58', 2, 2, 'Manual Invoice: Tsh -1000000 by Fahad K'),
(557, '2014-07-16 12:37:25', 2, 2, 'Entered Manual Invoice: Tsh 300000 by Fahad K'),
(558, '2014-07-16 12:38:16', 2, 2, 'Returned Bedsheet and Took Carpet on 2014-07-16'),
(559, '2014-07-16 13:31:39', 2, 1, 'Entered Manual Invoice: Tsh 10000 by Fahad K'),
(560, '2014-07-16 13:32:43', 2, 1, 'Entered Manual Invoice: Tsh 39000 by Fahad K'),
(561, '2014-07-16 13:39:20', 2, 5, 'Manual Invoice: Tsh -8000000 by Fahad K'),
(562, '2014-07-16 13:39:36', 2, 5, 'Entered Manual Invoice: Tsh 500000 by Fahad K'),
(563, '2014-07-16 13:39:56', 2, 5, 'Entered Manual Invoice: Tsh 550000 by Fahad K'),
(564, '2014-07-16 13:50:06', 2, 5, '<b>Feisal Sharif</b> sold Tsh 900 on 2014-07-16'),
(565, '2014-07-16 13:55:41', 2, 1, 'Entered Manual Invoice: Tsh 300 by Fahad K'),
(566, '2014-07-16 14:20:36', 2, 1, 'Deleted Invoice : Tsh <b>-200400</b> for <b></b> by Fahad K'),
(567, '2014-07-16 14:20:42', 2, 1, 'Deleted Expense : <b>50,000</b> Tsh for <b>Luku</b> by Fahad K'),
(568, '2014-07-16 14:20:45', 2, 1, 'Deleted Expense : <b>3,000</b> Tsh for <b>Bodada</b> by Fahad K'),
(569, '2014-07-16 14:20:48', 2, 1, 'Deleted Expense : <b>10,000</b> Tsh for <b>Makuli</b> by Fahad K'),
(570, '2014-07-16 14:21:01', 2, 1, 'Daily Expense : Tsh 50000, used for <b>Luku</b> on 2014-07-16'),
(571, '2014-07-16 14:21:14', 2, 1, 'Daily Expense : Tsh 10000, used for <b>Voucher</b> on 2014-07-16'),
(572, '2014-07-16 14:22:02', 2, 4, 'Daily Sale : 2000000 for 2014-07-16 by Fahad K'),
(573, '2014-07-16 14:22:17', 2, 4, 'Daily Expense : Tsh 50000, used for <b>Luku</b> on 2014-07-16'),
(574, '2014-07-16 14:22:31', 2, 4, 'Daily Expense : Tsh 10000, used for <b>Voucher</b> on 2014-07-16'),
(575, '2014-07-16 14:22:44', 2, 4, 'Manual Invoice: Tsh -500000 by Fahad K'),
(576, '2014-07-16 14:23:14', 2, 4, 'Returned Returned Kanzu ya Rahim on 2014-07-16'),
(577, '2014-07-16 14:36:37', 2, 1, 'Manual Invoice: Tsh 700000 by Fahad K'),
(578, '2014-07-16 14:42:15', 2, 1, 'Entered Manual Invoice: Tsh 900000 by Fahad K'),
(579, '2014-07-16 14:42:26', 2, 1, 'Entered Manual Invoice: Tsh 10 by Fahad K'),
(580, '2014-07-16 14:43:12', 2, 1, 'Entered Manual Invoice: Tsh 200 by Fahad K'),
(581, '2014-07-16 14:44:09', 2, 1, 'Entered Manual Invoice: Tsh 210 by Fahad K'),
(582, '2014-07-16 14:44:21', 2, 1, 'Entered Manual Invoice: Tsh 200000 by Fahad K'),
(583, '2014-07-16 14:44:35', 2, 1, 'Manual Invoice: Tsh 300000 by Fahad K'),
(584, '2014-07-16 14:56:23', 2, 3, 'Manual Invoice: Tsh -600 by Fahad K'),
(585, '2014-07-16 14:58:41', 2, 3, 'Manual Invoice: Tsh -800 by Fahad K'),
(586, '2014-07-16 15:06:39', 2, 3, 'Manual Invoice: Tsh 700 by Fahad K'),
(587, '2014-07-16 15:06:48', 2, 3, 'Deleted Invoice : Tsh <b>-800</b> for <b></b> by Fahad K'),
(588, '2014-07-16 15:06:50', 2, 3, 'Deleted Invoice : Tsh <b>-600</b> for <b></b> by Fahad K'),
(589, '2014-07-16 15:06:56', 2, 3, 'Manual Invoice: Tsh 300 by Fahad K'),
(590, '2014-07-16 15:08:03', 2, 3, 'Entered Manual Invoice: Tsh 300 by Fahad K'),
(591, '2014-07-16 15:10:40', 2, 3, 'Entered Manual Invoice: Tsh 100 by Fahad K'),
(592, '2014-07-16 15:15:59', 2, 3, 'Entered Manual Invoice: Tsh 100 by Fahad K'),
(593, '2014-07-16 15:32:47', 2, 3, 'Entered Manual Invoice: Tsh 50 by Fahad K'),
(594, '2014-07-16 15:34:01', 2, 3, 'Entered Manual Invoice: Tsh 50 by Fahad K'),
(595, '2014-07-16 15:34:29', 2, 3, 'Entered Manual Invoice: Tsh 400 by Fahad K'),
(596, '2014-07-16 16:28:53', 2, 1, 'Manual Invoice: Tsh 500 by Fahad K'),
(597, '2014-07-16 16:29:53', 2, 1, 'Entered Manual Invoice: Tsh 100000 by Fahad K'),
(598, '2014-07-16 16:31:24', 2, 6, 'Manual Invoice: Tsh 7000 by Fahad K'),
(599, '2014-07-16 16:32:10', 2, 6, 'Manual Invoice: Tsh 3000 by Fahad K'),
(600, '2014-07-16 16:32:29', 2, 6, 'Entered Manual Invoice: Tsh 1500 by Fahad K'),
(601, '2014-07-16 16:45:33', 2, 6, 'Manual Invoice: Tsh 900 by Fahad K'),
(602, '2014-07-16 16:45:43', 2, 6, 'Entered Manual Invoice: Tsh 800 by Fahad K'),
(603, '2014-07-16 16:45:52', 2, 6, 'Entered Manual Invoice: Tsh 100 by Fahad K'),
(604, '2014-07-16 16:46:01', 2, 6, 'Deleted Invoice : Tsh <b>7000</b> for <b></b> by Fahad K'),
(605, '2014-07-16 16:46:04', 2, 6, 'Deleted Invoice : Tsh <b>1500</b> for <b></b> by Fahad K'),
(606, '2014-07-16 16:55:05', 2, 2, 'Deleted Invoice : Tsh <b>-700000</b> for <b></b> by Fahad K'),
(607, '2014-07-16 16:55:08', 2, 2, 'Manual Invoice: Tsh 50000 by Fahad K'),
(608, '2014-07-16 16:55:37', 2, 2, 'Entered Manual Invoice: Tsh 20000 by Fahad K'),
(609, '2014-07-16 16:59:41', 2, 7, 'Manual Invoice: Tsh 500000 by Fahad K'),
(610, '2014-07-16 17:00:07', 2, 7, 'Entered Manual Invoice: Tsh 100000 by Fahad K'),
(611, '2014-07-16 17:03:49', 2, 6, 'Daily Sale : 6000000 for 2014-07-16 by Fahad K'),
(612, '2014-07-16 17:04:20', 2, 6, 'Daily Expense : Tsh 50000, used for <b>Luku</b> on 2014-07-16'),
(613, '2014-07-16 17:04:40', 2, 6, 'Daily Expense : Tsh 20000, used for <b>iftar</b> on 2014-07-16');
INSERT INTO `log` (`id`, `date`, `user_id`, `branch_id`, `log`) VALUES
(614, '2014-07-16 17:05:28', 2, 6, 'Returned Returned 1 Bedsheet and Took 1 Carpet on 2014-07-16'),
(615, '2014-07-16 17:07:09', 2, 6, 'Manual Invoice: Tsh 60000 by Fahad K'),
(616, '2014-07-16 17:10:40', 2, 6, 'Entered Manual Invoice: Tsh 295000 by Fahad K'),
(617, '2014-07-16 17:11:04', 2, 6, 'Entered Manual Invoice: Tsh 5555 by Fahad K'),
(618, '2014-07-16 17:12:56', 2, 6, 'Entered Manual Invoice: Tsh 5000000000 by Fahad K'),
(619, '2014-07-16 17:23:18', 2, 6, 'Entered Manual Invoice: Tsh 9000 by Fahad K'),
(620, '2014-07-16 17:53:01', 2, 6, 'Manual Invoice: Tsh 9000 by Fahad K'),
(621, '2014-07-16 17:53:41', 2, 6, 'Manual Invoice: Tsh 737272 by Fahad K'),
(622, '2014-07-16 17:57:30', 2, 6, 'Manual Invoice: Tsh 22222 by Fahad K'),
(623, '2014-07-16 18:00:15', 2, 6, 'Manual Invoice: Tsh 4555 by Fahad K'),
(624, '2014-07-16 18:02:33', 2, 6, 'Manual Invoice: Tsh 900 by Fahad K'),
(625, '2014-07-16 18:05:20', 2, 6, 'Deleted Invoice : Tsh <b>60000</b> for <b></b> by Fahad K'),
(626, '2014-07-16 18:05:23', 2, 6, 'Deleted Invoice : Tsh <b>9000</b> for <b></b> by Fahad K'),
(627, '2014-07-16 18:05:25', 2, 6, 'Deleted Invoice : Tsh <b>737272</b> for <b></b> by Fahad K'),
(628, '2014-07-16 18:05:29', 2, 6, 'Deleted Invoice : Tsh <b>22222</b> for <b></b> by Fahad K'),
(629, '2014-07-17 09:22:17', 2, 1, 'Failed to edit Daily Sale : 9000 for 2014-07-17 by Fahad K,it was not available'),
(630, '2014-07-17 09:24:53', 2, 1, 'Failed to edit Daily Binding : 11111 for 2014-07-17 by Fahad K,it was not available'),
(631, '2014-07-17 00:00:00', 0, 1, 'Failed to Edit Bindings : 1222 for 2014-07-17 by Nargis Ahmed,it was not available'),
(632, '2014-07-17 09:26:38', 2, 1, 'Edited Daily Binding : 21000 for 2014-07-17 by Fahad K'),
(633, '2014-07-17 09:26:45', 2, 1, 'Edited Daily Binding : 22000 for 2014-07-17 by Fahad K'),
(634, '2014-07-17 09:38:57', 2, 1, 'Entered Manual Invoice: Tsh 100 by Fahad K'),
(635, '2014-07-17 09:44:48', 2, 1, 'Edited Daily Binding : 9000 for 2014-07-17 by Fahad K'),
(636, '2014-07-17 13:32:31', 2, 1, 'Manual Invoice: Tsh 90000 by Fahad K'),
(637, '2014-07-17 13:33:28', 2, 1, 'Entered Manual Invoice: Tsh 50000 by Fahad K'),
(638, '2014-07-17 13:34:31', 2, 1, 'Entered Manual Invoice: Tsh 40000 by Fahad K'),
(639, '2014-07-17 13:35:20', 2, 1, 'Daily Sale : 90000 for 2014-07-17 by Fahad K'),
(640, '2014-07-17 13:47:13', 2, 1, 'Daily Expense : Tsh 40000, used for <b>luku</b> on 2014-07-17'),
(641, '2014-07-17 13:50:30', 2, 2, 'Daily Sale : 92000 for 2014-07-17 by Fahad K'),
(642, '2014-07-17 13:50:36', 2, 2, 'Failed to add Daily Sale : Tsh 900  for 2014-07-17 by Fahad K,since we can only add 1 total sale per day.'),
(643, '2014-07-17 13:52:03', 2, 2, 'Manual Invoice: Tsh 90000 by Fahad K'),
(644, '2014-07-17 13:53:03', 2, 2, 'Entered Manual Invoice: Tsh 80000 by Fahad K'),
(645, '2014-07-17 13:59:21', 2, 2, 'Entered Manual Invoice: Tsh 3000 by Fahad K'),
(646, '2014-07-17 14:01:27', 2, 2, 'Manual Invoice: Tsh 50000 by Fahad K'),
(647, '2014-07-17 14:02:19', 2, 2, 'Deleted Invoice : Tsh <b>50000</b> for <b></b> by Fahad K'),
(648, '2014-07-17 14:02:27', 2, 2, 'Manual Invoice: Tsh 20000 by Fahad K'),
(649, '2014-07-17 14:02:56', 2, 2, 'Entered Manual Invoice: Tsh 10000 by Fahad K'),
(650, '2014-07-17 14:03:20', 2, 2, 'Deleted Invoice : Tsh <b>10000</b> for <b></b> by Fahad K'),
(651, '2014-07-17 14:25:26', 2, 2, 'Manual Invoice: Tsh 900000 by Fahad K'),
(652, '2014-07-17 14:25:45', 2, 2, 'Entered Manual Invoice: Tsh 90000 by Fahad K'),
(653, '2014-07-17 14:27:40', 2, 2, 'Entered Manual Invoice: Tsh 9000 by Fahad K'),
(654, '2014-07-17 14:30:03', 2, 2, 'Entered Manual Invoice: Tsh 9000 by Fahad K'),
(655, '2014-07-17 14:30:13', 2, 2, 'Entered Manual Invoice: Tsh 70000 by Fahad K'),
(656, '2014-07-17 14:32:03', 2, 2, 'Entered Manual Invoice: Tsh 2222 by Fahad K'),
(657, '2014-07-17 14:32:59', 2, 2, 'Entered Manual Invoice: Tsh 90000 by Fahad K'),
(658, '2014-07-17 14:35:58', 2, 2, 'Manual Invoice: Tsh 45555 by Fahad K'),
(659, '2014-07-17 14:41:26', 2, 2, 'Entered Manual Invoice: Tsh 7999 by Fahad K'),
(660, '2014-07-17 14:53:38', 2, 2, 'Manual Invoice: Tsh 222212 by Fahad K'),
(661, '2014-07-17 14:54:47', 2, 2, 'Deleted Invoice : Tsh <b>629778</b> for <b></b> by Fahad K'),
(662, '2014-07-17 14:55:17', 2, 2, 'Entered Manual Invoice: Tsh 45000 by Fahad K'),
(663, '2014-07-17 14:55:46', 2, 2, 'Entered Manual Invoice: Tsh 177212 by Fahad K'),
(664, '2014-07-17 15:26:58', 2, 1, 'Failed to add Daily Binding : Tsh 11111  for 2014-07-17 by Fahad K,since we can only add 1 binding per day.'),
(665, '2014-07-17 15:27:07', 2, 1, 'Failed to add Daily Binding : Tsh 222  for 2014-07-17 by Fahad K,since we can only add 1 binding per day.'),
(666, '2014-07-17 15:37:20', 2, 1, 'Daily Sale : 90000 for 2014-07-17 by Fahad K'),
(667, '2014-07-17 16:06:56', 2, 6, 'Manual Invoice: Tsh 888888 by Fahad K'),
(668, '2014-07-17 16:07:05', 2, 6, 'Deleted Invoice : Tsh <b>888888</b> for <b></b> by Fahad K'),
(669, '2014-07-17 16:07:10', 2, 6, 'Manual Invoice: Tsh 7878768 by Fahad K'),
(670, '2014-07-17 16:07:19', 2, 6, 'Entered Manual Invoice: Tsh 9999 by Fahad K'),
(671, '2014-07-17 16:08:08', 2, 3, 'Manual Invoice: Tsh 3434 by Fahad K'),
(672, '2014-07-17 16:08:28', 2, 3, 'Entered Manual Invoice: Tsh 333 by Fahad K'),
(673, '2014-07-17 16:27:10', 2, 1, 'Failed to add Daily Binding : Tsh 8888  for 2014-07-17 by Fahad K,since we can only add 1 binding per day.'),
(674, '2014-07-17 16:27:19', 2, 1, 'Daily Sale : 999 for 2014-07-17 by Fahad K'),
(675, '2014-07-17 16:28:46', 2, 1, 'Daily Sale : 67676767 for 2014-07-17 by Fahad K'),
(676, '2014-07-17 16:29:35', 2, 1, 'Returned Taulo on 2014-07-17'),
(677, '2014-07-18 10:19:44', 2, 1, 'Manual Invoice: Tsh 300000 by Fahad K'),
(678, '2014-07-18 10:20:00', 2, 1, 'Manual Invoice: Tsh 2333221 by Fahad K'),
(679, '2014-07-18 10:20:12', 2, 1, 'Manual Invoice: Tsh 500033 by Fahad K'),
(680, '2014-07-18 10:20:22', 2, 1, 'Manual Invoice: Tsh 6788876 by Fahad K'),
(681, '2014-07-18 10:20:38', 2, 1, 'Manual Invoice: Tsh 545445 by Fahad K'),
(682, '2014-07-18 10:21:22', 2, 1, 'Entered Manual Invoice: Tsh 600000 by Fahad K'),
(683, '2014-07-18 10:54:37', 2, 1, 'Daily Sale : 800000 for 2014-07-18 by Fahad K'),
(684, '2014-07-18 10:55:01', 2, 2, 'Daily Sale : 800000 for 2014-07-18 by Fahad K'),
(685, '2014-07-18 10:55:54', 2, 2, 'Manual Invoice: Tsh 500000 by Fahad K'),
(686, '2014-07-18 10:56:18', 2, 2, 'Edited Daily Sale : 2000000 for 2014-07-18 by Fahad K'),
(687, '2014-07-18 10:56:52', 2, 2, 'Daily Expense : Tsh 50000, used for <b>Luku</b> on 2014-07-18'),
(688, '2014-07-18 10:57:13', 2, 2, 'Daily Expense : Tsh 10000, used for <b>Voucher</b> on 2014-07-18'),
(689, '2014-07-18 10:57:53', 2, 2, 'Returned Returned 1 Bedsheet and Took 1 Carpet on 2014-07-18'),
(690, '2014-07-18 11:00:12', 2, 2, 'Entered Manual Invoice: Tsh 30000 by Fahad K'),
(691, '2014-07-18 11:01:32', 2, 2, 'Entered Manual Invoice: Tsh 100000 by Fahad K'),
(692, '2014-07-18 11:05:51', 2, 1, 'Daily Sale : 2000000 for 2014-07-18 by Fahad K'),
(693, '2014-07-18 11:06:03', 2, 1, 'Daily Sale : 20000 for 2014-07-18 by Fahad K'),
(694, '2014-07-18 11:06:31', 2, 1, 'Manual Invoice: Tsh 500000 by Fahad K'),
(695, '2014-07-18 11:07:12', 2, 1, 'Daily Expense : Tsh 50000, used for <b>Luku</b> on 2014-06-01'),
(696, '2014-07-18 11:07:33', 2, 1, 'Daily Expense : Tsh 10000, used for <b>Voucher</b> on 2014-06-01'),
(697, '2014-07-18 11:08:13', 2, 1, 'Returned Returned 1 Bedsheet and Took 1 Carpet on 2014-06-01'),
(698, '2014-07-18 11:16:09', 2, 1, 'Entered Manual Invoice: Tsh 50000 by Fahad K'),
(699, '2014-07-18 12:26:39', 2, 2, 'Entered Manual Invoice: Tsh 200000 by Fahad K'),
(700, '2014-07-18 12:28:08', 2, 2, 'Manual Invoice: Tsh 900000 by Fahad K'),
(701, '2014-07-18 12:28:52', 2, 2, 'Entered Manual Invoice: Tsh 90000 by Fahad K'),
(702, '2014-07-18 13:30:10', 2, 4, 'Daily Sale : 90000 for 2014-07-18 by Fahad K'),
(703, '2014-07-18 13:31:55', 2, 4, 'Manual Invoice: Tsh 30000 by Fahad K'),
(704, '2014-07-18 13:33:00', 2, 4, 'Entered Manual Invoice: Tsh 20000 by Fahad K'),
(705, '2014-07-18 13:34:50', 2, 3, 'Daily Sale : 5000000 for 2014-07-18 by Fahad K'),
(706, '2014-07-18 13:35:21', 2, 3, 'Manual Invoice: Tsh 80000 by Fahad K'),
(707, '2014-07-18 13:35:49', 2, 3, 'Entered Manual Invoice: Tsh 50000 by Fahad K'),
(708, '2014-07-18 13:36:11', 2, 3, 'Entered Manual Invoice: Tsh 30000 by Fahad K'),
(709, '2014-07-18 14:36:24', 2, 1, 'Daily Sale : 2000000 for 2014-07-18 by Fahad K'),
(710, '2014-07-18 14:36:41', 2, 1, 'Daily Sale : 20000 for 2014-07-18 by Fahad K'),
(711, '2014-07-18 14:37:12', 2, 1, 'Manual Invoice: Tsh 500000 by Fahad K'),
(712, '2014-07-18 14:37:41', 2, 1, 'Daily Expense : Tsh 50000, used for <b>Luku</b> on 2014-06-02'),
(713, '2014-07-18 14:38:13', 2, 1, 'Daily Expense : Tsh 10, used for <b>Voucher</b> on 2014-06-02'),
(714, '2014-07-18 14:39:14', 2, 1, 'Returned Returned 1 Bedsheet and Took 1 Carpet on 2014-06-02'),
(715, '2014-07-18 14:40:13', 2, 1, 'Daily Sale : 1000000 for 2014-07-18 by Fahad K'),
(716, '2014-07-18 14:40:49', 2, 1, 'Daily Expense : Tsh 35000, used for <b>iftar</b> on 2014-06-03'),
(717, '2014-07-18 14:41:10', 2, 1, 'Daily Expense : Tsh 20000, used for <b>Bonus</b> on 2014-06-03'),
(718, '2014-07-18 14:41:42', 2, 1, 'Entered Manual Invoice: Tsh 500000 by Fahad K'),
(719, '2014-07-18 14:57:28', 2, 6, 'Manual Invoice: Tsh 10000 by Fahad K'),
(720, '2014-07-18 14:58:10', 2, 6, 'Entered Manual Invoice: Tsh 5000 by Fahad K'),
(721, '2014-07-18 15:11:42', 2, 1, 'Manual Invoice: Tsh 500000 by Fahad K'),
(722, '2014-07-18 15:12:39', 2, 1, 'Entered Manual Invoice: Tsh 500000 by Fahad K'),
(723, '2014-07-18 15:17:38', 2, 1, 'Manual Invoice: Tsh 900000 by Fahad K'),
(724, '2014-07-18 15:21:46', 2, 1, 'Entered Manual Invoice: Tsh 50000 by Fahad K'),
(725, '2014-07-18 15:54:04', 2, 1, 'Manual Invoice: Tsh 500000 by Fahad K'),
(726, '2014-07-18 15:54:48', 2, 1, 'Manual Invoice: Tsh 500000 by Fahad K'),
(727, '2014-07-18 15:55:06', 2, 1, 'Deleted Invoice : Tsh <b>500000</b> for <b></b> by Fahad K'),
(728, '2014-07-18 15:58:51', 2, 7, 'Manual Invoice: Tsh 80000 by Fahad K'),
(729, '2014-07-18 15:59:55', 2, 1, 'Manual Invoice: Tsh 900000 by Fahad K'),
(730, '2014-07-18 16:00:11', 2, 1, 'Entered Manual Invoice: Tsh 900000 by Fahad K');

-- --------------------------------------------------------

--
-- Table structure for table `manual_invoices`
--

CREATE TABLE IF NOT EXISTS `manual_invoices` (
  `id` int(11) NOT NULL AUTO_INCREMENT,
  `branch_id` int(11) NOT NULL,
  `date` date NOT NULL,
  `amount` int(11) NOT NULL,
  `balance` int(11) NOT NULL,
  `entered` tinyint(1) NOT NULL DEFAULT '0',
  `date_entered` date NOT NULL,
  PRIMARY KEY (`id`)
) ENGINE=InnoDB  DEFAULT CHARSET=latin1 AUTO_INCREMENT=2 ;

--
-- Dumping data for table `manual_invoices`
--

INSERT INTO `manual_invoices` (`id`, `branch_id`, `date`, `amount`, `balance`, `entered`, `date_entered`) VALUES
(1, 1, '2014-07-16', 900000, 900000, 1, '2014-07-18');

-- --------------------------------------------------------

--
-- Table structure for table `manual_invoices_progress`
--

CREATE TABLE IF NOT EXISTS `manual_invoices_progress` (
  `id` int(11) NOT NULL AUTO_INCREMENT,
  `date` date NOT NULL,
  `date_issued` date NOT NULL,
  `manual_invoice_id` int(11) NOT NULL,
  `amount_entered` int(11) NOT NULL,
  `branch_id` int(11) NOT NULL,
  PRIMARY KEY (`id`)
) ENGINE=InnoDB DEFAULT CHARSET=latin1 AUTO_INCREMENT=1 ;

-- --------------------------------------------------------

--
-- Table structure for table `returns`
--

CREATE TABLE IF NOT EXISTS `returns` (
  `id` int(11) NOT NULL AUTO_INCREMENT,
  `date` date NOT NULL,
  `action` varchar(255) NOT NULL,
  `receipt_number` varchar(50) NOT NULL,
  `user_id` int(11) NOT NULL,
  `branch_id` int(11) NOT NULL,
  `amount` int(11) NOT NULL,
  PRIMARY KEY (`id`)
) ENGINE=InnoDB  DEFAULT CHARSET=latin1 AUTO_INCREMENT=46 ;

--
-- Dumping data for table `returns`
--

INSERT INTO `returns` (`id`, `date`, `action`, `receipt_number`, `user_id`, `branch_id`, `amount`) VALUES
(2, '2014-07-01', 'return ct shear rng 1pc j2162 rng 1pc', '-', 4, 1, 135000),
(3, '2014-07-02', 'return bds golden white 4pc', '-', 4, 1, 42000),
(4, '2014-07-03', 'return fashion shaggy 200x290 3ps', '-', 4, 1, 870000),
(6, '2014-07-01', 'return hsc 66x66 2 pc', '-', 8, 3, 19000),
(7, '2014-07-01', 'retune lm-120x170', '-', 6, 2, 160000),
(9, '2014-07-02', 'retune TANZANITE-200X290', '-', 6, 2, 70000),
(10, '2014-07-03', 'retuned bds001', '-', 6, 2, 45000),
(11, '2014-07-01', 'return(jinan-120x270))1pc', '-', 3, 5, 18000),
(12, '2014-07-02', 'return(medallion-160x230)1pc', '-', 3, 5, 129000),
(14, '2014-07-01', 'manual invoice entered (belonging to june 2014)', '-', 6, 2, 7472000),
(15, '2014-07-02', 'manual invoice entered (belonging to june 2014)', '-', 3, 5, 2940000),
(16, '2014-07-02', 'returns', '-', 7, 7, 60000),
(17, '2014-07-03', 'returns', '-', 7, 7, 60000),
(18, '2014-07-05', 'j2250(rn)1pc', '3622', 3, 5, 70000),
(19, '2014-07-04', 'return(ct-assorted-hook)1pc', '-', 3, 5, 40000),
(20, '2014-07-04', 'return hsc 66x66 2 pc', '-', 3, 3, 19000),
(21, '2014-07-05', 'j2250(rn)1pc', '3622', 3, 5, -70000),
(22, '2014-07-05', 'cheque ', '574742', 29, 1, 8710000),
(23, '2014-07-05', 'africano 200x290', '5580', 29, 1, 157000),
(24, '2014-07-05', 'cheque', '5747', 29, 1, 5862500),
(25, '2014-07-06', 'ttku2-160x230-1pc', '8892', 3, 2, 70000),
(26, '2014-07-06', 'ttku2-160x230-1pc', '6687', 3, 5, 70000),
(27, '2014-07-07', 'lima-120x170-1pc', '8419', 3, 5, 160000),
(28, '2014-07-07', 'w1460-3-yl-1pc', '10493', 3, 5, 110000),
(29, '2014-07-07', 'bds004', 'arecpos011703', 10, 6, 60000),
(30, '2014-07-07', 'medallion-240x340-3pc', '0129', 3, 5, 780000),
(31, '2014-07-08', 'hl-c-05-1.6(2pc)', '00322', 3, 5, 86000),
(32, '2014-07-15', '444', '34343434', 2, 7, 3434),
(33, '2014-07-15', '123123123', '123123', 0, 1, 123213),
(37, '2014-07-15', 'taula narudisha', '23443344', 0, 1, 500),
(38, '2014-07-16', 'Returned 1 Bedsheet and Took 1 Carpet', '2121', 2, 1, 35000),
(39, '2014-07-16', 'Bedsheet and Took Carpet', '222', 2, 2, 20000),
(40, '2014-07-16', 'Returned Kanzu ya Rahim', '490', 2, 4, 20000),
(41, '2014-07-16', 'Returned 1 Bedsheet and Took 1 Carpet', '2010', 2, 6, 100000),
(42, '2014-07-17', 'Taulo', '2121', 2, 1, 1234),
(43, '2014-07-18', 'Returned 1 Bedsheet and Took 1 Carpet', '4532', 2, 2, 20000),
(44, '2014-06-01', 'Returned 1 Bedsheet and Took 1 Carpet', '2323', 2, 1, 20000),
(45, '2014-06-02', 'Returned 1 Bedsheet and Took 1 Carpet', '2345', 2, 1, 20000);

-- --------------------------------------------------------

--
-- Table structure for table `sales_voucher`
--

CREATE TABLE IF NOT EXISTS `sales_voucher` (
  `id` int(11) NOT NULL AUTO_INCREMENT,
  `date` date NOT NULL,
  `branch_id` int(11) NOT NULL,
  `sales_id` int(11) NOT NULL,
  `user_id` int(11) NOT NULL,
  `amount` int(11) NOT NULL,
  PRIMARY KEY (`id`)
) ENGINE=InnoDB  DEFAULT CHARSET=latin1 AUTO_INCREMENT=16 ;

--
-- Dumping data for table `sales_voucher`
--

INSERT INTO `sales_voucher` (`id`, `date`, `branch_id`, `sales_id`, `user_id`, `amount`) VALUES
(1, '2014-07-15', 2, 1, 2, 121212),
(2, '2014-07-13', 2, 5, 2, 12000),
(3, '2014-07-15', 5, 15, 0, 2222),
(4, '2014-07-15', 5, 14, 0, 60000),
(5, '2014-07-15', 5, 14, 0, 200),
(7, '2014-07-15', 5, 16, 0, 900),
(8, '2014-07-15', 5, 11, 0, 345000),
(9, '2014-07-15', 5, 15, 0, 800),
(10, '2014-07-15', 5, 12, 0, 500),
(11, '2014-07-15', 5, 15, 0, 345),
(12, '2014-07-15', 5, 12, 0, 2333),
(13, '2014-07-15', 5, 14, 0, 2000),
(14, '2014-07-15', 5, 18, 0, 70000),
(15, '2014-07-16', 5, 12, 2, 900);

-- --------------------------------------------------------

--
-- Table structure for table `total_sale`
--

CREATE TABLE IF NOT EXISTS `total_sale` (
  `id` int(11) NOT NULL AUTO_INCREMENT,
  `date` date NOT NULL,
  `branch_id` int(11) NOT NULL,
  `user_id` int(11) NOT NULL,
  `total_sale` int(11) NOT NULL,
  `audited_total_sale` int(11) NOT NULL,
  PRIMARY KEY (`id`)
) ENGINE=InnoDB DEFAULT CHARSET=latin1 AUTO_INCREMENT=1 ;

-- --------------------------------------------------------

--
-- Table structure for table `users`
--

CREATE TABLE IF NOT EXISTS `users` (
  `id` int(11) NOT NULL AUTO_INCREMENT,
  `date` date NOT NULL,
  `email` varchar(100) NOT NULL,
  `password` varchar(30) NOT NULL,
  `branch_id` int(11) NOT NULL,
  `auth_type` int(11) NOT NULL,
  `user_id` int(11) NOT NULL,
  PRIMARY KEY (`id`)
) ENGINE=InnoDB  DEFAULT CHARSET=latin1 AUTO_INCREMENT=44 ;

--
-- Dumping data for table `users`
--

INSERT INTO `users` (`id`, `date`, `email`, `password`, `branch_id`, `auth_type`, `user_id`) VALUES
(1, '2014-07-04', 'nadhir.bahayan@hsctz.com', 'jQueryMaster7', 0, 1, 1),
(2, '2014-07-04', 'nargis@hsctz.com', 'nargis', 0, 4, 1),
(3, '2014-07-04', 'yusra.said@hsctz.com', 'ys20142215', 0, 4, 1),
(4, '2014-07-04', 'thalia.hassan@hsctz.com', 'th20145134', 0, 4, 1),
(5, '2014-07-04', 'fatma.abdallah@hsctz.com', 'fa20144315', 0, 4, 1),
(6, '2014-07-04', 'samya.mohammed@hsctz.com', 'sm20145136', 0, 4, 1),
(7, '2014-07-04', 'saleh.naajy@hsctz.com', 'ssn20146315', 0, 4, 1),
(8, '2014-07-04', 'asia.abdallah@hsctz.com', 'aa20145137', 0, 4, 1),
(9, '2014-07-04', 'rahim.hassan@hsctz.com', 'rh20144444', 0, 2, 1),
(10, '2014-07-04', 'saleh.ally@hsctz.com', 'sa20148833', 0, 4, 1),
(11, '2014-07-04', 'latifa.mkwachu@hsctz.com', 'salesPassword', 5, 5, 3),
(12, '2014-07-04', 'feisal.sharif@hsctz.com', 'salesPassword', 5, 5, 3),
(13, '2014-07-04', 'maryam.abdallah@hsctz.com', 'salesPassword', 5, 5, -18),
(14, '2014-07-04', 'fatma.abdallah@hsctz.com', 'salesPassword', 5, 5, 3),
(15, '2014-07-04', 'abdul.kareem@hsctz.com', 'salesPassword', 5, 5, 3),
(16, '2014-07-04', 'fareed.hemeed@hsctz.com', 'salesPassword', 5, 5, 3),
(17, '2014-07-04', 'aisha.adam@hsctz.com', 'salesPassword', 5, 5, 3),
(18, '2014-07-04', 'habiba.said@hsctz.com', 'salesPassword', 5, 5, 3),
(19, '2014-07-05', 'saleh.naajy@hsctz.com', 'sn20142556', 0, 4, 1),
(20, '2014-07-05', 'hassan.naajy@hsctz.com', 'hn20143314', 0, 4, 1),
(29, '2014-07-05', 'aysha.nassor@hsctz.com', 'an20140010', 0, 4, 1),
(30, '2014-07-10', 'hannan.awadh@hsctz.com', 'ha20141121', 0, 2, 1);

-- --------------------------------------------------------

--
-- Table structure for table `user_profile`
--

CREATE TABLE IF NOT EXISTS `user_profile` (
  `id` int(11) NOT NULL AUTO_INCREMENT,
  `first_name` varchar(100) NOT NULL,
  `last_name` varchar(100) NOT NULL,
  `user_id` int(11) NOT NULL,
  PRIMARY KEY (`id`)
) ENGINE=InnoDB  DEFAULT CHARSET=latin1 AUTO_INCREMENT=31 ;

--
-- Dumping data for table `user_profile`
--

INSERT INTO `user_profile` (`id`, `first_name`, `last_name`, `user_id`) VALUES
(1, 'Nadhir', 'Bahayan', 1),
(2, 'Nargis', 'Ahmed', 2),
(3, 'Yusra', 'Said', 3),
(4, 'Thalia', 'Hassan', 4),
(5, 'Fatma', 'Abdallah', 5),
(6, 'Samya', 'Mohammed', 6),
(7, 'Saleh', 'Naajy', 7),
(8, 'Asia', 'Abdallah', 8),
(9, 'Rahim', 'Hassan', 9),
(10, 'Saleh', 'Ally', 10),
(11, 'Latifa', 'Mkwachu', 11),
(12, 'Feisal', 'Sharif', 12),
(13, 'Maryam', 'Abdallah', 13),
(14, 'Fatma', 'Abdallah', 14),
(15, 'Abdul', 'Kareem', 15),
(16, 'Fareed', 'Hemeed', 16),
(17, 'Aisha', 'Adam', 17),
(18, 'Habiba', 'Said', 18),
(19, 'Saleh', 'Naajy', 19),
(20, 'Hasssan', 'Naajy', 20),
(21, 'Aysha', 'Nassor', 29),
(22, 'Hannan', 'Awadh', 30);

/*!40101 SET CHARACTER_SET_CLIENT=@OLD_CHARACTER_SET_CLIENT */;
/*!40101 SET CHARACTER_SET_RESULTS=@OLD_CHARACTER_SET_RESULTS */;
/*!40101 SET COLLATION_CONNECTION=@OLD_COLLATION_CONNECTION */;
